"chapter","ayah","wordpos","utf8","feature","FA","QA","SW"
"29","1","0-0","الٓمٓ","pos","NOUN","INL","p--b--"
"29","1","2",".","pos","END","END","END"
"29","10","0-0","وَ","pos","CONJ","CONJ","p--c--"
"29","10","0-1","مِنَ","pos","PART","P","p--p--"
"29","10","1-0","ٱل","pos","DET","DET","r---d-"
"29","10","1-1","نَّاسِ","pos","NOUN","N","n#----"
"29","10","2-0","مَن","pos","PREP","REL","nr----"
"29","10","3-0","يَقُولُ","pos","V","V","r---a-"
"29","10","3-1",,"pos","-","œ","v-c---"
"29","10","4-0","ءَامَ","pos","NOUN","V","v-p---"
"29","10","4-1","نَّا","pos","CASE","PRON","r---r-"
"29","10","5-0","بِ","pos","PREP","P","p--p--"
"29","10","5-1","ٱللَّهِ","pos","NOUN","PN","nn----"
"29","10","6-0","فَ","pos","CONJ","REM","p--c--"
"29","10","6-1","إِذَآ","pos","PART","T","nv----"
"29","10","7-0","أُوذِىَ","pos","V","V","v-p---"
"29","10","8-0","فِى","pos","PREP","P","p--p--"
"29","10","9-0","ٱللَّهِ","pos","NOUN","PN","nn----"
"29","10","10-0","جَعَلَ","pos","NOUN","V","v-p---"
"29","10","11-0","فِتْنَةَ","pos","NOUN","N","ns----"
"29","10","11-1",,"pos","NSUFF","œ","r---t-"
"29","10","12-0","ٱل","pos","DET","DET","r---d-"
"29","10","12-1","نَّاسِ","pos","NOUN","N","n#----"
"29","10","13-0","كَ","pos","PREP","P","p--l--"
"29","10","13-1","عَذَابِ","pos","NOUN","N","ng----"
"29","10","14-0","ٱللَّهِ","pos","NOUN","PN","nn----"
"29","10","15-0","وَ","pos","CONJ","CONJ","p--c--"
"29","10","15-1","لَ","pos","NOUN","EMPH","p--z--"
"29","10","15-2","ئِن","pos","-","COND","p--k--"
"29","10","16-0","جَآءَ","pos","V","V","v-p---"
"29","10","17-0","نَصْرٌ","pos","NOUN","N","ng----"
"29","10","18-0","مِّن","pos","PREP","P","p--p--"
"29","10","19-0","رَّبِّ","pos","NOUN","N","nq----"
"29","10","19-1","كَ","pos","-","PRON","r---r-"
"29","10","20-0","لَ","pos","PREP","EMPH","p--z--"
"29","10","20-1","يَقُولُ","pos","NOUN","V","r---a-"
"29","10","20-2","نَّ","pos","-","EMPH","v-c---"
"29","10","20-3",,"pos","-","œ","r---z-"
"29","10","21-0","إِنَّ","pos","PART","ACC","p--a--"
"29","10","21-1","ا","pos","PRON","PRON","r---r-"
"29","10","22-0","كُ","pos","V","V","v-p---"
"29","10","22-1","نَّا","pos","-","PRON","r---r-"
"29","10","23-0","مَعَ","pos","NOUN","LOC","nv----"
"29","10","23-1","كُمْ","pos","PRON","PRON","r---r-"
"29","10","24-0","أَ","pos","NOUN","INTG","p--i--"
"29","10","24-1","وَ","pos","-","SUP","p--c--"
"29","10","24-2","لَيْسَ","pos","-","V","v-p---"
"29","10","25-0","ٱللَّهُ","pos","NOUN","PN","nn----"
"29","10","26-0","بِ","pos","PREP","P","p--p--"
"29","10","26-1","أَعْلَمَ","pos","NOUN","N","n@----"
"29","10","27-0","بِ","pos","PREP","P","p--p--"
"29","10","27-1","مَا","pos","PART","REL","nr----"
"29","10","28-0","فِى","pos","PREP","P","p--p--"
"29","10","29-0","صُدُورِ","pos","NOUN","N","nq----"
"29","10","30-0","ٱلْ","pos","DET","DET","r---d-"
"29","10","30-1","عَٰلَمِينَ","pos","NOUN","N","n#----"
"29","10","30-2",,"pos","NSUFF","œ","r---m-"
"29","10","32",".","pos","END","END","END"
"29","11","0-0","وَ","pos","NOUN","CONJ","p--c--"
"29","11","0-1","لَ","pos","-","EMPH","p--z--"
"29","11","0-2","يَعْلَمَ","pos","-","V","r---a-"
"29","11","0-3","نَّ","pos","-","EMPH","v-c---"
"29","11","0-4",,"pos","-","œ","r---z-"
"29","11","1-0","ٱللَّهُ","pos","NOUN","PN","nn----"
"29","11","2-0","ٱلَّذِينَ","pos","PART","REL","nr----"
"29","11","3-0","ءَامَنُ","pos","V","V","v-p---"
"29","11","3-1","وا۟","pos","PRON","PRON","r---r-"
"29","11","4-0","وَ","pos","NOUN","CONJ","p--c--"
"29","11","4-1","لَ","pos","-","EMPH","p--z--"
"29","11","4-2","يَعْلَمَ","pos","-","V","r---a-"
"29","11","4-3","نَّ","pos","-","EMPH","v-c---"
"29","11","4-4",,"pos","-","œ","r---z-"
"29","11","5-0","ٱلْ","pos","DET","DET","r---d-"
"29","11","5-1","مُنَٰفِقِينَ","pos","NOUN","N","nu----"
"29","11","5-2",,"pos","NSUFF","œ","r---m-"
"29","11","7",".","pos","END","END","END"
"29","12","0-0","وَ","pos","CONJ","CONJ","p--c--"
"29","12","0-1","قَالَ","pos","V","V","v-p---"
"29","12","1-0","ٱلَّذِينَ","pos","PART","REL","nr----"
"29","12","2-0","كَفَرُ","pos","NOUN","V","v-p---"
"29","12","2-1","وا۟","pos","PRON","PRON","r---r-"
"29","12","3-0","لِ","pos","PREP","P","p--p--"
"29","12","3-1","لَّذِينَ","pos","PART","REL","nr----"
"29","12","4-0","ءَامَنُ","pos","V","V","v-p---"
"29","12","4-1","وا۟","pos","PRON","PRON","r---r-"
"29","12","5-0","ٱتَّبِعُ","pos","V","V","v-i---"
"29","12","5-1","وا۟","pos","PRON","PRON","r---r-"
"29","12","6-0","سَبِيلَ","pos","NOUN","N","nl----"
"29","12","6-1","نَا","pos","PRON","PRON","r---r-"
"29","12","7-0","وَ","pos","CONJ","CONJ","p--c--"
"29","12","7-1","لْ","pos","NOUN","IMPV","p--j--"
"29","12","7-2","نَحْمِلْ","pos","-","V","r---a-"
"29","12","7-3",,"pos","-","œ","v-c---"
"29","12","8-0","خَطَٰيَٰ","pos","NOUN","N","nq----"
"29","12","8-1","كُمْ","pos","PRON","PRON","r---r-"
"29","12","9-0","وَ","pos","CONJ","CONJ","p--c--"
"29","12","9-1","مَا","pos","PART","NEG","p--n--"
"29","12","10-0","هُم","pos","PRON","PRON","np----"
"29","12","11-0","بِ","pos","PREP","P","p--p--"
"29","12","11-1","حَٰمِلِينَ","pos","NOUN","N","nu----"
"29","12","11-2",,"pos","NSUFF","œ","r---m-"
"29","12","12-0","مِنْ","pos","PREP","P","p--p--"
"29","12","13-0","خَطَٰيَٰ","pos","NOUN","N","nq----"
"29","12","13-1","هُم","pos","PRON","PRON","r---r-"
"29","12","14-0","مِّن","pos","PREP","P","p--p--"
"29","12","15-0","شَىْءٍ","pos","NOUN","N","na----"
"29","12","16-0","إِنَّ","pos","PART","ACC","p--a--"
"29","12","16-1","هُمْ","pos","PRON","PRON","r---r-"
"29","12","17-0","لَ","pos","PREP","EMPH","p--z--"
"29","12","17-1","كَٰذِبُونَ","pos","NOUN","N","nu----"
"29","12","17-2",,"pos","-","œ","r---m-"
"29","12","19",".","pos","END","END","END"
"29","13","0-0","وَ","pos","CONJ","CONJ","p--c--"
"29","13","0-1","لَ","pos","NOUN","EMPH","p--z--"
"29","13","0-2","يَحْمِلُ","pos","-","V","r---a-"
"29","13","0-3","نَّ","pos","-","EMPH","v-c---"
"29","13","0-4",,"pos","-","œ","r---z-"
"29","13","1-0","أَثْقَالَ","pos","NOUN","N","nq----"
"29","13","1-1","هُمْ","pos","PRON","PRON","r---r-"
"29","13","2-0","وَ","pos","CONJ","CONJ","p--c--"
"29","13","2-1","أَثْقَالًا","pos","NOUN","N","nq----"
"29","13","2-2",,"pos","CASE","œ","r---k-"
"29","13","3-0","مَّعَ","pos","NOUN","LOC","nv----"
"29","13","4-0","أَثْقَالِ","pos","NOUN","N","nq----"
"29","13","4-1","هِمْ","pos","PRON","PRON","r---r-"
"29","13","5-0","وَ","pos","NOUN","CONJ","p--c--"
"29","13","5-1","لَ","pos","-","EMPH","p--z--"
"29","13","5-2","يُسْـَٔلُ","pos","-","V","r---a-"
"29","13","5-3","نَّ","pos","-","EMPH","v-c---"
"29","13","5-4",,"pos","-","œ","r---z-"
"29","13","6-0","يَوْمَ","pos","NOUN","N","nv----"
"29","13","7-0","ٱلْ","pos","DET","DET","r---d-"
"29","13","7-1","قِيَٰمَةِ","pos","NOUN","N","ne----"
"29","13","7-2",,"pos","NSUFF","œ","r---t-"
"29","13","8-0","عَ","pos","NOUN","P","p--p--"
"29","13","8-1","مَّا","pos","-","REL","nr----"
"29","13","9-0","كَانُ","pos","V","V","v-p---"
"29","13","9-1","وا۟","pos","PRON","PRON","r---r-"
"29","13","10-0","يَفْتَرُ","pos","NOUN","V","r---a-"
"29","13","10-1","ونَ","pos","NSUFF","PRON","v-c---"
"29","13","10-2",,"pos","-","œ","r---r-"
"29","13","12",".","pos","END","END","END"
"29","14","0-0","وَ","pos","CONJ","CONJ","p--c--"
"29","14","0-1","لَ","pos","PART","EMPH","p--z--"
"29","14","0-2","قَدْ","pos","-","CERT","p--b--"
"29","14","1-0","أَرْسَلْ","pos","V","V","v-p---"
"29","14","1-1","نَا","pos","PRON","PRON","r---r-"
"29","14","2-0","نُوحًا","pos","NOUN","PN","nn----"
"29","14","2-1",,"pos","CASE","œ","r---k-"
"29","14","3-0","إِلَىٰ","pos","PREP","P","p--p--"
"29","14","4-0","قَوْمِ","pos","NOUN","N","n$----"
"29","14","4-1","هِۦ","pos","PRON","PRON","r---r-"
"29","14","5-0","فَ","pos","PART","CONJ","p--c--"
"29","14","5-1","لَبِثَ","pos","V","V","v-p---"
"29","14","6-0","فِي","pos","PREP","P","p--p--"
"29","14","6-1","هِمْ","pos","PRON","PRON","r---r-"
"29","14","7-0","أَلْفَ","pos","NUM","N","n+----"
"29","14","8-0","سَنَةٍ","pos","NOUN","N","nv----"
"29","14","8-1",,"pos","NSUFF","œ","ß"
"29","14","9-0","إِلَّا","pos","PART","RES","p--x--"
"29","14","10-0","خَمْسِينَ","pos","ADJ","N","n+----"
"29","14","10-1",,"pos","NSUFF","œ","r---m-"
"29","14","11-0","عَامًا","pos","NOUN","N","nv----"
"29","14","11-1",,"pos","CASE","œ","r---k-"
"29","14","12-0","فَ","pos","CONJ","REM","p--c--"
"29","14","12-1","أَخَذَ","pos","V","V","v-p---"
"29","14","12-2","هُمُ","pos","PRON","PRON","r---r-"
"29","14","13-0","ٱل","pos","DET","DET","r---d-"
"29","14","13-1","طُّوفَانُ","pos","NOUN","N","ng----"
"29","14","14-0","وَ","pos","CONJ","CIRC","p--c--"
"29","14","14-1","هُمْ","pos","PRON","PRON","np----"
"29","14","15-0","ظَٰلِمُونَ","pos","ADJ","N","nu----"
"29","14","15-1",,"pos","NSUFF","œ","r---m-"
"29","14","17",".","pos","END","END","END"
"29","15","0-0","فَ","pos","CONJ","REM","p--c--"
"29","15","0-1","أَنجَيْ","pos","V","V","v-p---"
"29","15","0-2","نَٰ","pos","PRON","PRON","r---r-"
"29","15","0-3","هُ","pos","PRON","PRON","r---r-"
"29","15","1-0","وَ","pos","CONJ","CONJ","p--c--"
"29","15","1-1","أَصْحَٰبَ","pos","NOUN","N","nu----"
"29","15","2-0","ٱل","pos","DET","DET","r---d-"
"29","15","2-1","سَّفِينَةِ","pos","NOUN","N","nq----"
"29","15","2-2",,"pos","NSUFF","œ","r---t-"
"29","15","3-0","وَ","pos","CONJ","CONJ","p--c--"
"29","15","3-1","جَعَلْ","pos","V","V","v-p---"
"29","15","3-2","نَٰ","pos","PRON","PRON","r---r-"
"29","15","3-3","هَآ","pos","PRON","PRON","r---r-"
"29","15","4-0","ءَايَةً","pos","NOUN","N","nq----"
"29","15","4-1",,"pos","NSUFF","œ","r---t-"
"29","15","5-0","لِّ","pos","PREP","P","p--p--"
"29","15","5-1","لْ","pos","DET","DET","r---d-"
"29","15","5-2","عَٰلَمِينَ","pos","NOUN","N","n#----"
"29","15","5-3",,"pos","NSUFF","œ","r---m-"
"29","15","7",".","pos","END","END","END"
"29","16","0-0","وَ","pos","CONJ","CONJ","p--c--"
"29","16","0-1","إِبْرَٰهِيمَ","pos","NOUN","PN","nn----"
"29","16","1-0","إِذْ","pos","PART","T","nv----"
"29","16","2-0","قَالَ","pos","V","V","v-p---"
"29","16","3-0","لِ","pos","PREP","P","p--p--"
"29","16","3-1","قَوْمِ","pos","NOUN","N","n$----"
"29","16","3-2","هِ","pos","PRON","PRON","r---r-"
"29","16","4-0","ٱعْبُدُ","pos","V","V","v-i---"
"29","16","4-1","وا۟","pos","PRON","PRON","r---r-"
"29","16","5-0","ٱللَّهَ","pos","NOUN","PN","nn----"
"29","16","6-0","وَ","pos","CONJ","CONJ","p--c--"
"29","16","6-1","ٱتَّقُ","pos","NOUN","V","v-i---"
"29","16","6-2","و","pos","PRON","PRON","r---r-"
"29","16","6-3","هُ","pos","-","PRON","r---r-"
"29","16","7-0","ذَٰلِكُمْ","pos","NOUN","DEM","nd----"
"29","16","8-0","خَيْرٌ","pos","NOUN","N","ng----"
"29","16","9-0","لَّ","pos","PREP","P","p--p--"
"29","16","9-1","كُمْ","pos","PRON","PRON","np----"
"29","16","10-0","إِن","pos","PART","COND","p--k--"
"29","16","11-0","كُن","pos","NOUN","V","v-p---"
"29","16","11-1","تُمْ","pos","-","PRON","r---r-"
"29","16","12-0","تَعْلَمُ","pos","V","V","r---a-"
"29","16","12-1","ونَ","pos","PRON","PRON","v-c---"
"29","16","12-2",,"pos","-","œ","r---r-"
"29","16","14",".","pos","END","END","END"
"29","17","0-0","إِنَّ","pos","PART","ACC","p--a--"
"29","17","0-1","مَا","pos","-","PREV","p--b--"
"29","17","1-0","تَعْبُدُ","pos","NOUN","V","r---a-"
"29","17","1-1","ونَ","pos","NSUFF","PRON","v-c---"
"29","17","1-2",,"pos","-","œ","r---r-"
"29","17","2-0","مِن","pos","PREP","P","p--p--"
"29","17","3-0","دُونِ","pos","NOUN","N","nv----"
"29","17","4-0","ٱللَّهِ","pos","NOUN","PN","nn----"
"29","17","5-0","أَوْثَٰنًا","pos","NOUN","N","nq----"
"29","17","5-1",,"pos","CASE","œ","r---k-"
"29","17","6-0","وَ","pos","CONJ","CONJ","p--c--"
"29","17","6-1","تَخْلُقُ","pos","V","V","r---a-"
"29","17","6-2","ونَ","pos","PRON","PRON","v-c---"
"29","17","6-3",,"pos","-","œ","r---r-"
"29","17","7-0","إِفْكًا","pos","NOUN","N","nq----"
"29","17","7-1",,"pos","CASE","œ","r---k-"
"29","17","8-0","إِنَّ","pos","PART","ACC","p--a--"
"29","17","9-0","ٱلَّذِينَ","pos","PART","REL","nr----"
"29","17","10-0","تَعْبُدُ","pos","NOUN","V","r---a-"
"29","17","10-1","ونَ","pos","NSUFF","PRON","v-c---"
"29","17","10-2",,"pos","-","œ","r---r-"
"29","17","11-0","مِن","pos","PREP","P","p--p--"
"29","17","12-0","دُونِ","pos","NOUN","N","nv----"
"29","17","13-0","ٱللَّهِ","pos","NOUN","PN","nn----"
"29","17","14-0","لَا","pos","PART","NEG","p--n--"
"29","17","15-0","يَمْلِكُ","pos","V","V","r---a-"
"29","17","15-1","ونَ","pos","PRON","PRON","v-c---"
"29","17","15-2",,"pos","-","œ","r---r-"
"29","17","16-0","لَ","pos","PREP","P","p--p--"
"29","17","16-1","كُمْ","pos","PRON","PRON","np----"
"29","17","17-0","رِزْقًا","pos","NOUN","N","ng----"
"29","17","17-1",,"pos","CASE","œ","r---k-"
"29","17","18-0","فَ","pos","CONJ","REM","p--c--"
"29","17","18-1","ٱبْتَغُ","pos","V","V","v-i---"
"29","17","18-2","وا۟","pos","PRON","PRON","r---r-"
"29","17","19-0","عِندَ","pos","NOUN","LOC","nv----"
"29","17","20-0","ٱللَّهِ","pos","NOUN","PN","nn----"
"29","17","21-0","ٱل","pos","DET","DET","r---d-"
"29","17","21-1","رِّزْقَ","pos","NOUN","N","ng----"
"29","17","22-0","وَ","pos","NOUN","CONJ","p--c--"
"29","17","22-1","ٱعْبُدُ","pos","-","V","v-i---"
"29","17","22-2","و","pos","-","PRON","r---r-"
"29","17","22-3","هُ","pos","-","PRON","r---r-"
"29","17","23-0","وَ","pos","CONJ","CONJ","p--c--"
"29","17","23-1","ٱشْكُرُ","pos","V","V","v-i---"
"29","17","23-2","وا۟","pos","PRON","PRON","r---r-"
"29","17","24-0","لَ","pos","PREP","P","p--p--"
"29","17","24-1","هُۥٓ","pos","PRON","PRON","np----"
"29","17","25-0","إِلَيْ","pos","PREP","P","p--p--"
"29","17","25-1","هِ","pos","PRON","PRON","r---r-"
"29","17","26-0","تُرْجَعُ","pos","V","V","r---a-"
"29","17","26-1","ونَ","pos","PRON","PRON","v-c---"
"29","17","26-2",,"pos","-","œ","r---r-"
"29","17","28",".","pos","END","END","END"
"29","18","0-0","وَ","pos","CONJ","CONJ","p--c--"
"29","18","0-1","إِن","pos","PART","COND","p--k--"
"29","18","1-0","تُكَذِّبُ","pos","V","V","r---a-"
"29","18","1-1","وا۟","pos","PRON","PRON","v-c---"
"29","18","1-2",,"pos","-","œ","r---r-"
"29","18","2-0","فَ","pos","CONJ","REM","p--c--"
"29","18","2-1","قَدْ","pos","PART","CERT","p--b--"
"29","18","3-0","كَذَّبَ","pos","NOUN","V","v-p---"
"29","18","4-0","أُمَمٌ","pos","NOUN","N","n$----"
"29","18","5-0","مِّن","pos","PREP","P","p--p--"
"29","18","6-0","قَبْلِ","pos","NOUN","N","nv----"
"29","18","6-1","كُمْ","pos","PRON","PRON","r---r-"
"29","18","7-0","وَ","pos","CONJ","CONJ","p--c--"
"29","18","7-1","مَا","pos","PART","NEG","p--n--"
"29","18","8-0","عَلَى","pos","PREP","P","p--p--"
"29","18","9-0","ٱل","pos","DET","DET","r---d-"
"29","18","9-1","رَّسُولِ","pos","NOUN","N","nj----"
"29","18","10-0","إِلَّا","pos","PART","RES","p--x--"
"29","18","11-0","ٱلْ","pos","DET","DET","r---d-"
"29","18","11-1","بَلَٰغُ","pos","NOUN","N","ng----"
"29","18","12-0","ٱلْ","pos","DET","DET","r---d-"
"29","18","12-1","مُبِينُ","pos","NOUN","N","nj----"
"29","18","14",".","pos","END","END","END"
"29","19","0-0","أَ","pos","NOUN","INTG","p--i--"
"29","19","0-1","وَ","pos","-","SUP","p--c--"
"29","19","0-2","لَمْ","pos","-","NEG","p--n--"
"29","19","1-0","يَرَ","pos","V","V","v-c---"
"29","19","1-1","وْا۟","pos","PRON","PRON","r---r-"
"29","19","2-0","كَيْفَ","pos","PART","INTG","nb----"
"29","19","3-0","يُبْدِئُ","pos","V","V","r---a-"
"29","19","3-1",,"pos","-","œ","v-c---"
"29","19","4-0","ٱللَّهُ","pos","NOUN","PN","nn----"
"29","19","5-0","ٱلْ","pos","DET","DET","r---d-"
"29","19","5-1","خَلْقَ","pos","NOUN","N","n#----"
"29","19","6-0","ثُمَّ","pos","CONJ","CONJ","p--c--"
"29","19","7-0","يُعِيدُ","pos","V","V","r---a-"
"29","19","7-1","هُۥٓ","pos","PRON","PRON","v-c---"
"29","19","7-2",,"pos","-","œ","r---r-"
"29","19","8-0","إِنَّ","pos","PART","ACC","p--a--"
"29","19","9-0","ذَٰلِكَ","pos","PRON","DEM","nd----"
"29","19","10-0","عَلَى","pos","PREP","P","p--p--"
"29","19","11-0","ٱللَّهِ","pos","NOUN","PN","nn----"
"29","19","12-0","يَسِيرٌ","pos","V","ADJ","nj----"
"29","19","14",".","pos","END","END","END"
"29","2","0-0","أَ","pos","V","INTG","p--i--"
"29","2","0-1","حَسِبَ","pos","-","V","v-p---"
"29","2","1-0","ٱل","pos","DET","DET","r---d-"
"29","2","1-1","نَّاسُ","pos","NOUN","N","n#----"
"29","2","2-0","أَن","pos","PART","SUB","p--g--"
"29","2","3-0","يُتْرَكُ","pos","V","V","r---a-"
"29","2","3-1","وٓا۟","pos","PRON","PRON","v-c---"
"29","2","3-2",,"pos","-","œ","r---r-"
"29","2","4-0","أَن","pos","PART","SUB","p--g--"
"29","2","5-0","يَقُولُ","pos","V","V","r---a-"
"29","2","5-1","وٓا۟","pos","PRON","PRON","v-c---"
"29","2","5-2",,"pos","-","œ","r---r-"
"29","2","6-0","ءَامَ","pos","ADJ","V","v-p---"
"29","2","6-1","نَّا","pos","CASE","PRON","r---r-"
"29","2","7-0","وَ","pos","CONJ","CONJ","p--c--"
"29","2","7-1","هُمْ","pos","PRON","PRON","np----"
"29","2","8-0","لَا","pos","PART","NEG","p--n--"
"29","2","9-0","يُفْتَنُ","pos","V","V","r---a-"
"29","2","9-1","ونَ","pos","PRON","PRON","v-c---"
"29","2","9-2",,"pos","-","œ","r---r-"
"29","2","11",".","pos","END","END","END"
"29","20","0-0","قُلْ","pos","V","V","v-i---"
"29","20","1-0","سِيرُ","pos","NOUN","V","v-i---"
"29","20","1-1","وا۟","pos","PRON","PRON","r---r-"
"29","20","2-0","فِى","pos","PREP","P","p--p--"
"29","20","3-0","ٱلْ","pos","DET","DET","r---d-"
"29","20","3-1","أَرْضِ","pos","NOUN","N","nn----"
"29","20","4-0","فَ","pos","CONJ","CONJ","p--c--"
"29","20","4-1","ٱنظُرُ","pos","V","V","v-i---"
"29","20","4-2","وا۟","pos","PRON","PRON","r---r-"
"29","20","5-0","كَيْفَ","pos","PART","INTG","nb----"
"29","20","6-0","بَدَأَ","pos","V","V","v-p---"
"29","20","7-0","ٱلْ","pos","DET","DET","r---d-"
"29","20","7-1","خَلْقَ","pos","NOUN","N","n#----"
"29","20","8-0","ثُمَّ","pos","CONJ","CONJ","p--c--"
"29","20","9-0","ٱللَّهُ","pos","NOUN","PN","nn----"
"29","20","10-0","يُنشِئُ","pos","V","V","r---a-"
"29","20","10-1",,"pos","-","œ","v-c---"
"29","20","11-0","ٱل","pos","DET","DET","r---d-"
"29","20","11-1","نَّشْأَةَ","pos","NOUN","N","ng----"
"29","20","11-2",,"pos","NSUFF","œ","r---t-"
"29","20","12-0","ٱلْ","pos","DET","DET","r---d-"
"29","20","12-1","ءَاخِرَةَ","pos","ADJ","N","nj----"
"29","20","12-2",,"pos","NSUFF","œ","r---t-"
"29","20","13-0","إِنَّ","pos","PART","ACC","p--a--"
"29","20","14-0","ٱللَّهَ","pos","NOUN","PN","nn----"
"29","20","15-0","عَلَىٰ","pos","PREP","P","p--p--"
"29","20","16-0","كُلِّ","pos","NOUN","N","ne----"
"29","20","17-0","شَىْءٍ","pos","NOUN","N","na----"
"29","20","18-0","قَدِيرٌ","pos","ADJ","N","nj----"
"29","20","20",".","pos","END","END","END"
"29","21","0-0","يُعَذِّبُ","pos","NOUN","V","r---a-"
"29","21","0-1",,"pos","-","œ","v-c---"
"29","21","1-0","مَن","pos","PREP","REL","nr----"
"29","21","2-0","يَشَآءُ","pos","V","V","r---a-"
"29","21","2-1",,"pos","-","œ","v-c---"
"29","21","3-0","وَ","pos","CONJ","CONJ","p--c--"
"29","21","3-1","يَرْحَمُ","pos","ADJ","V","r---a-"
"29","21","3-2",,"pos","-","œ","v-c---"
"29","21","4-0","مَن","pos","PREP","REL","nr----"
"29","21","5-0","يَشَآءُ","pos","V","V","r---a-"
"29","21","5-1",,"pos","-","œ","v-c---"
"29","21","6-0","وَ","pos","CONJ","CONJ","p--c--"
"29","21","6-1","إِلَيْ","pos","PREP","P","p--p--"
"29","21","6-2","هِ","pos","PRON","PRON","r---r-"
"29","21","7-0","تُقْلَبُ","pos","NOUN","V","r---a-"
"29","21","7-1","ونَ","pos","NSUFF","PRON","v-c---"
"29","21","7-2",,"pos","-","œ","r---r-"
"29","21","9",".","pos","END","END","END"
"29","22","0-0","وَ","pos","CONJ","CONJ","p--c--"
"29","22","0-1","مَآ","pos","PART","NEG","p--n--"
"29","22","1-0","أَنتُم","pos","PRON","PRON","np----"
"29","22","2-0","بِ","pos","PREP","P","p--p--"
"29","22","2-1","مُعْجِزِينَ","pos","NOUN","N","nu----"
"29","22","2-2",,"pos","NSUFF","œ","r---m-"
"29","22","3-0","فِى","pos","PREP","P","p--p--"
"29","22","4-0","ٱلْ","pos","DET","DET","r---d-"
"29","22","4-1","أَرْضِ","pos","NOUN","N","nn----"
"29","22","5-0","وَ","pos","CONJ","CONJ","p--c--"
"29","22","5-1","لَا","pos","PART","NEG","p--n--"
"29","22","6-0","فِى","pos","PREP","P","p--p--"
"29","22","7-0","ٱل","pos","DET","DET","r---d-"
"29","22","7-1","سَّمَآءِ","pos","NOUN","N","nq----"
"29","22","8-0","وَ","pos","CONJ","CONJ","p--c--"
"29","22","8-1","مَا","pos","PART","NEG","p--n--"
"29","22","9-0","لَ","pos","PREP","P","p--p--"
"29","22","9-1","كُم","pos","PRON","PRON","np----"
"29","22","10-0","مِّن","pos","PREP","P","p--p--"
"29","22","11-0","دُونِ","pos","NOUN","N","nv----"
"29","22","12-0","ٱللَّهِ","pos","NOUN","PN","nn----"
"29","22","13-0","مِن","pos","PREP","P","p--p--"
"29","22","14-0","وَلِىٍّ","pos","NOUN","N","nj----"
"29","22","15-0","وَ","pos","CONJ","CONJ","p--c--"
"29","22","15-1","لَا","pos","PART","NEG","p--n--"
"29","22","16-0","نَصِيرٍ","pos","V","N","nj----"
"29","22","18",".","pos","END","END","END"
"29","23","0-0","وَ","pos","CONJ","CONJ","p--c--"
"29","23","0-1","ٱلَّذِينَ","pos","PART","REL","nr----"
"29","23","1-0","كَفَرُ","pos","NOUN","V","v-p---"
"29","23","1-1","وا۟","pos","PRON","PRON","r---r-"
"29","23","2-0","بِ","pos","PREP","P","p--p--"
"29","23","2-1","ـَٔايَٰتِ","pos","NOUN","N","nq----"
"29","23","2-2",,"pos","NSUFF","œ","r---l-"
"29","23","3-0","ٱللَّهِ","pos","NOUN","PN","nn----"
"29","23","4-0","وَ","pos","CONJ","CONJ","p--c--"
"29","23","4-1","لِقَآئِ","pos","NOUN","N","ng----"
"29","23","4-2","هِۦٓ","pos","PRON","PRON","r---r-"
"29","23","5-0","أُو۟لَٰٓئِكَ","pos","PRON","DEM","nd----"
"29","23","6-0","يَئِسُ","pos","V","V","v-p---"
"29","23","6-1","وا۟","pos","PRON","PRON","r---r-"
"29","23","7-0","مِن","pos","PREP","P","p--p--"
"29","23","8-0","رَّحْمَتِ","pos","NOUN","N","ns----"
"29","23","8-1","ى","pos","NSUFF","PRON","r---f-"
"29","23","8-2",,"pos","PRON","œ","r---r-"
"29","23","9-0","وَ","pos","CONJ","CONJ","p--c--"
"29","23","9-1","أُو۟لَٰٓئِكَ","pos","PRON","DEM","nd----"
"29","23","10-0","لَ","pos","PREP","P","p--p--"
"29","23","10-1","هُمْ","pos","PRON","PRON","np----"
"29","23","11-0","عَذَابٌ","pos","NOUN","N","ng----"
"29","23","12-0","أَلِيمٌ","pos","ADJ","ADJ","nj----"
"29","23","14",".","pos","END","END","END"
"29","24","0-0","فَ","pos","CONJ","CONJ","p--c--"
"29","24","0-1","مَا","pos","PART","NEG","p--n--"
"29","24","1-0","كَانَ","pos","V","V","v-p---"
"29","24","2-0","جَوَابَ","pos","NOUN","N","nq----"
"29","24","3-0","قَوْمِ","pos","NOUN","N","n$----"
"29","24","3-1","هِۦٓ","pos","PRON","PRON","r---r-"
"29","24","4-0","إِلَّآ","pos","PART","RES","p--x--"
"29","24","5-0","أَن","pos","PART","SUB","p--g--"
"29","24","6-0","قَالُ","pos","V","V","v-p---"
"29","24","6-1","وا۟","pos","PRON","PRON","r---r-"
"29","24","7-0","ٱقْتُلُ","pos","V","V","v-i---"
"29","24","7-1","و","pos","PRON","PRON","r---r-"
"29","24","7-2","هُ","pos","-","PRON","r---r-"
"29","24","8-0","أَوْ","pos","CONJ","CONJ","p--c--"
"29","24","9-0","حَرِّقُ","pos","ADJ","V","v-i---"
"29","24","9-1","و","pos","-","PRON","r---r-"
"29","24","9-2","هُ","pos","-","PRON","r---r-"
"29","24","10-0","فَ","pos","CONJ","REM","p--c--"
"29","24","10-1","أَنجَىٰ","pos","NOUN","V","v-p---"
"29","24","10-2","هُ","pos","PRON","PRON","r---r-"
"29","24","11-0","ٱللَّهُ","pos","NOUN","PN","nn----"
"29","24","12-0","مِنَ","pos","PREP","P","p--p--"
"29","24","13-0","ٱل","pos","DET","DET","r---d-"
"29","24","13-1","نَّارِ","pos","NOUN","N","nq----"
"29","24","14-0","إِنَّ","pos","PART","ACC","p--a--"
"29","24","15-0","فِى","pos","PREP","P","p--p--"
"29","24","16-0","ذَٰلِكَ","pos","PRON","DEM","nd----"
"29","24","17-0","لَ","pos","PREP","EMPH","p--z--"
"29","24","17-1","ءَايَٰتٍ","pos","NOUN","N","nq----"
"29","24","17-2",,"pos","NSUFF","œ","r---l-"
"29","24","18-0","لِّ","pos","PREP","P","p--p--"
"29","24","18-1","قَوْمٍ","pos","NOUN","N","n$----"
"29","24","19-0","يُؤْمِنُ","pos","V","V","r---a-"
"29","24","19-1","ونَ","pos","PRON","PRON","v-c---"
"29","24","19-2",,"pos","-","œ","r---r-"
"29","24","21",".","pos","END","END","END"
"29","25","0-0","وَ","pos","CONJ","CONJ","p--c--"
"29","25","0-1","قَالَ","pos","V","V","v-p---"
"29","25","1-0","إِنَّ","pos","PART","ACC","p--a--"
"29","25","1-1","مَا","pos","-","PREV","p--b--"
"29","25","2-0","ٱتَّخَذْ","pos","NOUN","V","v-p---"
"29","25","2-1","تُم","pos","-","PRON","r---r-"
"29","25","3-0","مِّن","pos","PREP","P","p--p--"
"29","25","4-0","دُونِ","pos","NOUN","N","nv----"
"29","25","5-0","ٱللَّهِ","pos","NOUN","PN","nn----"
"29","25","6-0","أَوْثَٰنًا","pos","NOUN","N","nq----"
"29","25","6-1",,"pos","CASE","œ","r---k-"
"29","25","7-0","مَّوَدَّةَ","pos","NOUN","N","nm----"
"29","25","7-1",,"pos","NSUFF","œ","r---t-"
"29","25","8-0","بَيْنِ","pos","NOUN","N","nv----"
"29","25","8-1","كُمْ","pos","PRON","PRON","r---r-"
"29","25","9-0","فِى","pos","PREP","P","p--p--"
"29","25","10-0","ٱلْ","pos","DET","DET","r---d-"
"29","25","10-1","حَيَوٰةِ","pos","NOUN","N","nq----"
"29","25","10-2",,"pos","NSUFF","œ","r---t-"
"29","25","11-0","ٱل","pos","DET","DET","r---d-"
"29","25","11-1","دُّنْيَا","pos","NOUN","ADJ","nj----"
"29","25","12-0","ثُمَّ","pos","CONJ","CONJ","p--c--"
"29","25","13-0","يَوْمَ","pos","NOUN","N","nv----"
"29","25","14-0","ٱلْ","pos","DET","DET","r---d-"
"29","25","14-1","قِيَٰمَةِ","pos","NOUN","N","no----"
"29","25","14-2",,"pos","NSUFF","œ","r---t-"
"29","25","15-0","يَكْفُرُ","pos","V","V","r---a-"
"29","25","15-1",,"pos","-","œ","v-c---"
"29","25","16-0","بَعْضُ","pos","NOUN","N","n+----"
"29","25","16-1","كُم","pos","PRON","PRON","r---r-"
"29","25","17-0","بِ","pos","PREP","P","p--p--"
"29","25","17-1","بَعْضٍ","pos","NOUN","N","n+----"
"29","25","18-0","وَ","pos","CONJ","CONJ","p--c--"
"29","25","18-1","يَلْعَنُ","pos","NOUN","V","r---a-"
"29","25","18-2",,"pos","-","œ","v-c---"
"29","25","19-0","بَعْضُ","pos","NOUN","N","n+----"
"29","25","19-1","كُم","pos","PRON","PRON","r---r-"
"29","25","20-0","بَعْضًا","pos","NOUN","N","n+----"
"29","25","20-1",,"pos","CASE","œ","r---k-"
"29","25","21-0","وَ","pos","CONJ","CONJ","p--c--"
"29","25","21-1","مَأْوَىٰ","pos","NOUN","N","nl----"
"29","25","21-2","كُمُ","pos","PRON","PRON","r---r-"
"29","25","22-0","ٱل","pos","DET","DET","r---d-"
"29","25","22-1","نَّارُ","pos","NOUN","N","nq----"
"29","25","23-0","وَ","pos","CONJ","CONJ","p--c--"
"29","25","23-1","مَا","pos","PART","NEG","p--n--"
"29","25","24-0","لَ","pos","PREP","P","p--p--"
"29","25","24-1","كُم","pos","PRON","PRON","np----"
"29","25","25-0","مِّن","pos","PREP","P","p--p--"
"29","25","26-0","نَّٰصِرِينَ","pos","NOUN","N","nu----"
"29","25","26-1",,"pos","NSUFF","œ","r---m-"
"29","25","28",".","pos","END","END","END"
"29","26","0-0","فَ","pos","CONJ","CONJ","p--c--"
"29","26","0-1","ـَٔامَنَ","pos","V","V","v-p---"
"29","26","1-0","لَ","pos","PREP","P","p--p--"
"29","26","1-1","هُۥ","pos","PRON","PRON","np----"
"29","26","2-0","لُوطٌ","pos","NOUN","PN","nn----"
"29","26","3-0","وَ","pos","CONJ","CONJ","p--c--"
"29","26","3-1","قَالَ","pos","V","V","v-p---"
"29","26","4-0","إِنِّ","pos","PART","ACC","p--a--"
"29","26","4-1","ى","pos","PRON","PRON","r---r-"
"29","26","5-0","مُهَاجِرٌ","pos","NOUN","N","nu----"
"29","26","6-0","إِلَىٰ","pos","PREP","P","p--p--"
"29","26","7-0","رَبِّ","pos","NOUN","N","nq----"
"29","26","7-1","ىٓ","pos","PRON","PRON","r---y-"
"29","26","8-0","إِنَّ","pos","PART","ACC","p--a--"
"29","26","8-1","هُۥ","pos","PRON","PRON","r---r-"
"29","26","9-0","هُوَ","pos","PRON","PRON","np----"
"29","26","10-0","ٱلْ","pos","DET","DET","r---d-"
"29","26","10-1","عَزِيزُ","pos","NOUN","N","nj----"
"29","26","11-0","ٱلْ","pos","DET","DET","r---d-"
"29","26","11-1","حَكِيمُ","pos","ADJ","ADJ","nj----"
"29","26","13",".","pos","END","END","END"
"29","27","0-0","وَ","pos","CONJ","CONJ","p--c--"
"29","27","0-1","وَهَبْ","pos","V","V","v-p---"
"29","27","0-2","نَا","pos","PRON","PRON","r---r-"
"29","27","1-0","لَ","pos","PREP","P","p--p--"
"29","27","1-1","هُۥٓ","pos","PRON","PRON","np----"
"29","27","2-0","إِسْحَٰقَ","pos","NOUN","PN","nn----"
"29","27","3-0","وَ","pos","CONJ","CONJ","p--c--"
"29","27","3-1","يَعْقُوبَ","pos","NOUN","PN","nn----"
"29","27","4-0","وَ","pos","CONJ","CONJ","p--c--"
"29","27","4-1","جَعَلْ","pos","NOUN","V","v-p---"
"29","27","4-2","نَا","pos","PRON","PRON","r---r-"
"29","27","5-0","فِى","pos","PREP","P","p--p--"
"29","27","6-0","ذُرِّيَّتِ","pos","NOUN","N","n$----"
"29","27","6-1","هِ","pos","NSUFF","PRON","r---f-"
"29","27","6-2",,"pos","PRON","œ","r---r-"
"29","27","7-0","ٱل","pos","DET","DET","r---d-"
"29","27","7-1","نُّبُوَّةَ","pos","NOUN","N","ng----"
"29","27","7-2",,"pos","NSUFF","œ","r---t-"
"29","27","8-0","وَ","pos","CONJ","CONJ","p--c--"
"29","27","8-1","ٱلْ","pos","DET","DET","r---d-"
"29","27","8-2","كِتَٰبَ","pos","NOUN","N","nq----"
"29","27","9-0","وَ","pos","CONJ","CONJ","p--c--"
"29","27","9-1","ءَاتَيْ","pos","ADJ","V","v-p---"
"29","27","9-2","نَٰ","pos","PRON","PRON","r---r-"
"29","27","9-3","هُ","pos","PRON","PRON","r---r-"
"29","27","10-0","أَجْرَ","pos","V","N","ng----"
"29","27","10-1","هُۥ","pos","PRON","PRON","r---r-"
"29","27","11-0","فِى","pos","PREP","P","p--p--"
"29","27","12-0","ٱل","pos","DET","DET","r---d-"
"29","27","12-1","دُّنْيَا","pos","NOUN","N","nq----"
"29","27","13-0","وَ","pos","CONJ","CONJ","p--c--"
"29","27","13-1","إِنَّ","pos","PART","ACC","p--a--"
"29","27","13-2","هُۥ","pos","PRON","PRON","r---r-"
"29","27","14-0","فِى","pos","PREP","P","p--p--"
"29","27","15-0","ٱلْ","pos","DET","DET","r---d-"
"29","27","15-1","ءَاخِرَةِ","pos","ADJ","N","nq----"
"29","27","15-2",,"pos","NSUFF","œ","r---t-"
"29","27","16-0","لَ","pos","PREP","EMPH","p--z--"
"29","27","16-1","مِنَ","pos","PART","P","p--p--"
"29","27","17-0","ٱل","pos","DET","DET","r---d-"
"29","27","17-1","صَّٰلِحِينَ","pos","NOUN","N","nu----"
"29","27","17-2",,"pos","NSUFF","œ","r---m-"
"29","27","19",".","pos","END","END","END"
"29","28","0-0","وَ","pos","CONJ","CONJ","p--c--"
"29","28","0-1","لُوطًا","pos","NOUN","PN","nn----"
"29","28","0-2",,"pos","CASE","œ","r---k-"
"29","28","1-0","إِذْ","pos","PART","T","nv----"
"29","28","2-0","قَالَ","pos","V","V","v-p---"
"29","28","3-0","لِ","pos","PREP","P","p--p--"
"29","28","3-1","قَوْمِ","pos","NOUN","N","n$----"
"29","28","3-2","هِۦٓ","pos","PRON","PRON","r---r-"
"29","28","4-0","إِنَّ","pos","PART","ACC","p--a--"
"29","28","4-1","كُمْ","pos","PRON","PRON","r---r-"
"29","28","5-0","لَ","pos","PREP","EMPH","p--z--"
"29","28","5-1","تَأْتُ","pos","V","V","r---a-"
"29","28","5-2","ونَ","pos","-","PRON","v-c---"
"29","28","5-3",,"pos","-","œ","r---r-"
"29","28","6-0","ٱلْ","pos","DET","DET","r---d-"
"29","28","6-1","فَٰحِشَةَ","pos","NOUN","N","nu----"
"29","28","6-2",,"pos","NSUFF","œ","r---t-"
"29","28","7-0","مَا","pos","PART","NEG","p--n--"
"29","28","8-0","سَبَقَ","pos","V","V","v-p---"
"29","28","8-1","كُم","pos","PRON","PRON","r---r-"
"29","28","9-0","بِ","pos","PREP","P","p--p--"
"29","28","9-1","هَا","pos","PRON","PRON","np----"
"29","28","10-0","مِنْ","pos","PREP","P","p--p--"
"29","28","11-0","أَحَدٍ","pos","NOUN","N","n+----"
"29","28","12-0","مِّنَ","pos","PREP","P","p--p--"
"29","28","13-0","ٱلْ","pos","DET","DET","r---d-"
"29","28","13-1","عَٰلَمِينَ","pos","NOUN","N","n#----"
"29","28","13-2",,"pos","NSUFF","œ","r---m-"
"29","28","15",".","pos","END","END","END"
"29","29","0-0","أَ","pos","NOUN","INTG","p--i--"
"29","29","0-1","ئِنَّ","pos","-","ACC","p--a--"
"29","29","0-2","كُمْ","pos","-","PRON","r---r-"
"29","29","1-0","لَ","pos","PREP","EMPH","p--z--"
"29","29","1-1","تَأْتُ","pos","V","V","r---a-"
"29","29","1-2","ونَ","pos","-","PRON","v-c---"
"29","29","1-3",,"pos","-","œ","r---r-"
"29","29","2-0","ٱل","pos","DET","DET","r---d-"
"29","29","2-1","رِّجَالَ","pos","NOUN","N","nq----"
"29","29","3-0","وَ","pos","CONJ","CONJ","p--c--"
"29","29","3-1","تَقْطَعُ","pos","V","V","r---a-"
"29","29","3-2","ونَ","pos","PRON","PRON","v-c---"
"29","29","3-3",,"pos","-","œ","r---r-"
"29","29","4-0","ٱل","pos","DET","DET","r---d-"
"29","29","4-1","سَّبِيلَ","pos","NOUN","N","nl----"
"29","29","5-0","وَ","pos","CONJ","CONJ","p--c--"
"29","29","5-1","تَأْتُ","pos","V","V","r---a-"
"29","29","5-2","ونَ","pos","PRON","PRON","v-c---"
"29","29","5-3",,"pos","-","œ","r---r-"
"29","29","6-0","فِى","pos","PREP","P","p--p--"
"29","29","7-0","نَادِي","pos","NOUN","N","nl----"
"29","29","7-1","كُمُ","pos","PRON","PRON","r---r-"
"29","29","8-0","ٱلْ","pos","DET","DET","r---d-"
"29","29","8-1","مُنكَرَ","pos","ADJ","N","nk----"
"29","29","9-0","فَ","pos","CONJ","CONJ","p--c--"
"29","29","9-1","مَا","pos","PART","NEG","p--n--"
"29","29","10-0","كَانَ","pos","V","V","v-p---"
"29","29","11-0","جَوَابَ","pos","NOUN","N","nq----"
"29","29","12-0","قَوْمِ","pos","NOUN","N","n$----"
"29","29","12-1","هِۦٓ","pos","PRON","PRON","r---r-"
"29","29","13-0","إِلَّآ","pos","PART","RES","p--x--"
"29","29","14-0","أَن","pos","PART","SUB","p--g--"
"29","29","15-0","قَالُ","pos","V","V","v-p---"
"29","29","15-1","وا۟","pos","PRON","PRON","r---r-"
"29","29","16-0","ٱئْتِ","pos","V","V","v-i---"
"29","29","16-1","نَا","pos","-","PRON","r---r-"
"29","29","17-0","بِ","pos","PREP","P","p--p--"
"29","29","17-1","عَذَابِ","pos","NOUN","N","ng----"
"29","29","18-0","ٱللَّهِ","pos","NOUN","PN","nn----"
"29","29","19-0","إِن","pos","PART","COND","p--k--"
"29","29","20-0","كُن","pos","NOUN","V","v-p---"
"29","29","20-1","تَ","pos","-","PRON","r---f-"
"29","29","21-0","مِنَ","pos","PREP","P","p--p--"
"29","29","22-0","ٱل","pos","DET","DET","r---d-"
"29","29","22-1","صَّٰدِقِينَ","pos","NOUN","N","nu----"
"29","29","22-2",,"pos","NSUFF","œ","r---m-"
"29","29","24",".","pos","END","END","END"
"29","3","0-0","وَ","pos","CONJ","CONJ","p--c--"
"29","3","0-1","لَ","pos","PART","EMPH","p--b--"
"29","3","0-2","قَدْ","pos","-","CERT","p--b--"
"29","3","1-0","فَتَ","pos","NOUN","V","v-p---"
"29","3","1-1","نَّا","pos","CASE","PRON","r---r-"
"29","3","2-0","ٱلَّذِينَ","pos","PART","REL","nr----"
"29","3","3-0","مِن","pos","PREP","P","p--p--"
"29","3","4-0","قَبْلِ","pos","NOUN","N","nv----"
"29","3","4-1","هِمْ","pos","PRON","PRON","r---r-"
"29","3","5-0","فَ","pos","NOUN","CONJ","p--c--"
"29","3","5-1","لَ","pos","-","EMPH","p--z--"
"29","3","5-2","يَعْلَمَ","pos","-","V","r---a-"
"29","3","5-3","نَّ","pos","-","EMPH","v-c---"
"29","3","5-4",,"pos","-","œ","r---z-"
"29","3","6-0","ٱللَّهُ","pos","NOUN","PN","nn----"
"29","3","7-0","ٱلَّذِينَ","pos","PART","REL","nr----"
"29","3","8-0","صَدَقُ","pos","V","V","v-p---"
"29","3","8-1","وا۟","pos","PRON","PRON","r---r-"
"29","3","9-0","وَ","pos","NOUN","CONJ","p--c--"
"29","3","9-1","لَ","pos","-","EMPH","p--z--"
"29","3","9-2","يَعْلَمَ","pos","-","V","r---a-"
"29","3","9-3","نَّ","pos","-","EMPH","v-c---"
"29","3","9-4",,"pos","-","œ","r---z-"
"29","3","10-0","ٱلْ","pos","DET","DET","r---d-"
"29","3","10-1","كَٰذِبِينَ","pos","NOUN","N","nu----"
"29","3","10-2",,"pos","NSUFF","œ","r---m-"
"29","3","12",".","pos","END","END","END"
"29","30","0-0","قَالَ","pos","V","V","v-p---"
"29","30","1-0","رَبِّ","pos","NOUN","N","nq----"
"29","30","1-1",,"pos","-","PRON","r---r-"
"29","30","2-0","ٱنصُرْ","pos","NOUN","V","v-i---"
"29","30","2-1","نِى","pos","-","PRON","r---n-"
"29","30","2-2",,"pos","-","œ","r---r-"
"29","30","3-0","عَلَى","pos","PREP","P","p--p--"
"29","30","4-0","ٱلْ","pos","DET","DET","r---d-"
"29","30","4-1","قَوْمِ","pos","NOUN","N","n$----"
"29","30","5-0","ٱلْ","pos","DET","DET","r---d-"
"29","30","5-1","مُفْسِدِينَ","pos","ADJ","N","nu----"
"29","30","5-2",,"pos","NSUFF","œ","r---m-"
"29","30","7",".","pos","END","END","END"
"29","31","0-0","وَ","pos","CONJ","CONJ","p--c--"
"29","31","0-1","لَمَّا","pos","PART","T","nv----"
"29","31","1-0","جَآءَتْ","pos","V","V","v-p---"
"29","31","1-1",,"pos","PRON","œ","r---f-"
"29","31","2-0","رُسُلُ","pos","NOUN","N","nj----"
"29","31","2-1","نَآ","pos","PRON","PRON","r---r-"
"29","31","3-0","إِبْرَٰهِيمَ","pos","NOUN","PN","nn----"
"29","31","4-0","بِ","pos","PREP","P","p--p--"
"29","31","4-1","ٱلْ","pos","DET","DET","r---d-"
"29","31","4-2","بُشْرَىٰ","pos","NOUN","N","ng----"
"29","31","5-0","قَالُ","pos","V","V","v-p---"
"29","31","5-1","وٓا۟","pos","PRON","PRON","r---r-"
"29","31","6-0","إِنَّ","pos","PART","ACC","p--a--"
"29","31","6-1","ا","pos","PRON","PRON","r---r-"
"29","31","7-0","مُهْلِكُوٓا۟","pos","ADJ","N","nu----"
"29","31","7-1",,"pos","-","œ","r---m-"
"29","31","8-0","أَهْلِ","pos","NOUN","N","n$----"
"29","31","9-0","هَٰذِهِ","pos","PRON","DEM","nd----"
"29","31","10-0","ٱلْ","pos","DET","DET","r---d-"
"29","31","10-1","قَرْيَةِ","pos","NOUN","N","nl----"
"29","31","10-2",,"pos","NSUFF","œ","r---t-"
"29","31","11-0","إِنَّ","pos","PART","ACC","p--a--"
"29","31","12-0","أَهْلَ","pos","NOUN","N","n$----"
"29","31","12-1","هَا","pos","PRON","PRON","r---r-"
"29","31","13-0","كَانُ","pos","V","V","v-p---"
"29","31","13-1","وا۟","pos","PRON","PRON","r---r-"
"29","31","14-0","ظَٰلِمِينَ","pos","ADJ","N","nu----"
"29","31","14-1",,"pos","NSUFF","œ","r---m-"
"29","31","16",".","pos","END","END","END"
"29","32","0-0","قَالَ","pos","V","V","v-p---"
"29","32","1-0","إِنَّ","pos","PART","ACC","p--a--"
"29","32","2-0","فِي","pos","PREP","P","p--p--"
"29","32","2-1","هَا","pos","PRON","PRON","r---r-"
"29","32","3-0","لُوطًا","pos","NOUN","PN","nn----"
"29","32","3-1",,"pos","CASE","œ","r---k-"
"29","32","4-0","قَالُ","pos","V","V","v-p---"
"29","32","4-1","وا۟","pos","PRON","PRON","r---r-"
"29","32","5-0","نَحْنُ","pos","PRON","PRON","np----"
"29","32","6-0","أَعْلَمُ","pos","NOUN","N","n@----"
"29","32","7-0","بِ","pos","PREP","P","p--p--"
"29","32","7-1","مَن","pos","PART","REL","nr----"
"29","32","8-0","فِي","pos","PREP","P","p--p--"
"29","32","8-1","هَا","pos","PRON","PRON","r---r-"
"29","32","9-0","لَ","pos","NOUN","EMPH","p--z--"
"29","32","9-1","نُنَجِّيَ","pos","-","V","r---a-"
"29","32","9-2","نَّ","pos","-","EMPH","v-c---"
"29","32","9-3","هُۥ","pos","-","PRON","r---z-"
"29","32","9-4",,"pos","-","œ","r---r-"
"29","32","10-0","وَ","pos","CONJ","CONJ","p--c--"
"29","32","10-1","أَهْلَ","pos","NOUN","N","n$----"
"29","32","10-2","هُۥٓ","pos","PRON","PRON","r---r-"
"29","32","11-0","إِلَّا","pos","PART","RES","p--x--"
"29","32","12-0","ٱمْرَأَتَ","pos","NOUN","N","nq----"
"29","32","12-1","هُۥ","pos","NSUFF","PRON","r---f-"
"29","32","12-2",,"pos","PRON","œ","r---r-"
"29","32","13-0","كَانَتْ","pos","V","V","v-p---"
"29","32","13-1",,"pos","PRON","œ","r---f-"
"29","32","14-0","مِنَ","pos","PREP","P","p--p--"
"29","32","15-0","ٱلْ","pos","DET","DET","r---d-"
"29","32","15-1","غَٰبِرِينَ","pos","NOUN","N","nu----"
"29","32","15-2",,"pos","NSUFF","œ","r---m-"
"29","32","17",".","pos","END","END","END"
"29","33","0-0","وَ","pos","CONJ","CONJ","p--c--"
"29","33","0-1","لَمَّآ","pos","PART","T","nv----"
"29","33","1-0","أَن","pos","PART","SUB","p--g--"
"29","33","2-0","جَآءَتْ","pos","V","V","v-p---"
"29","33","2-1",,"pos","PRON","œ","r---f-"
"29","33","3-0","رُسُلُ","pos","NOUN","N","nj----"
"29","33","3-1","نَا","pos","PRON","PRON","r---r-"
"29","33","4-0","لُوطًا","pos","NOUN","PN","nn----"
"29","33","4-1",,"pos","CASE","œ","r---k-"
"29","33","5-0","سِىٓءَ","pos","ADJ","V","v-p---"
"29","33","6-0","بِ","pos","PREP","P","p--p--"
"29","33","6-1","هِمْ","pos","PRON","PRON","np----"
"29","33","7-0","وَ","pos","CONJ","CONJ","p--c--"
"29","33","7-1","ضَاقَ","pos","V","V","v-p---"
"29","33","8-0","بِ","pos","PREP","P","p--p--"
"29","33","8-1","هِمْ","pos","PRON","PRON","np----"
"29","33","9-0","ذَرْعًا","pos","NOUN","N","ng----"
"29","33","9-1",,"pos","CASE","œ","r---k-"
"29","33","10-0","وَ","pos","CONJ","CONJ","p--c--"
"29","33","10-1","قَالُ","pos","V","V","v-p---"
"29","33","10-2","وا۟","pos","PRON","PRON","r---r-"
"29","33","11-0","لَا","pos","PART","NEG","p--n--"
"29","33","12-0","تَخَفْ","pos","V","V","r---a-"
"29","33","12-1",,"pos","-","œ","v-c---"
"29","33","13-0","وَ","pos","CONJ","CONJ","p--c--"
"29","33","13-1","لَا","pos","PART","PRO","p--n--"
"29","33","14-0","تَحْزَنْ","pos","V","V","r---a-"
"29","33","14-1",,"pos","-","œ","v-c---"
"29","33","15-0","إِنَّ","pos","PART","ACC","p--a--"
"29","33","15-1","ا","pos","PRON","PRON","r---r-"
"29","33","16-0","مُنَجُّو","pos","NOUN","N","nu----"
"29","33","16-1","كَ","pos","PRON","PRON","r---m-"
"29","33","16-2",,"pos","-","œ","r---r-"
"29","33","17-0","وَ","pos","CONJ","CONJ","p--c--"
"29","33","17-1","أَهْلَ","pos","V","N","n$----"
"29","33","17-2","كَ","pos","-","PRON","r---r-"
"29","33","18-0","إِلَّا","pos","PART","RES","p--x--"
"29","33","19-0","ٱمْرَأَتَ","pos","NOUN","N","nq----"
"29","33","19-1","كَ","pos","NSUFF","PRON","r---f-"
"29","33","19-2",,"pos","PRON","œ","r---r-"
"29","33","20-0","كَانَتْ","pos","V","V","v-p---"
"29","33","20-1",,"pos","PRON","œ","r---f-"
"29","33","21-0","مِنَ","pos","PREP","P","p--p--"
"29","33","22-0","ٱلْ","pos","DET","DET","r---d-"
"29","33","22-1","غَٰبِرِينَ","pos","NOUN","N","nu----"
"29","33","22-2",,"pos","NSUFF","œ","r---m-"
"29","33","24",".","pos","END","END","END"
"29","34","0-0","إِنَّ","pos","PART","ACC","p--a--"
"29","34","0-1","ا","pos","PRON","PRON","r---r-"
"29","34","1-0","مُنزِلُونَ","pos","NOUN","N","nu----"
"29","34","1-1",,"pos","NSUFF","œ","r---m-"
"29","34","2-0","عَلَىٰٓ","pos","PREP","P","p--p--"
"29","34","3-0","أَهْلِ","pos","NOUN","N","n$----"
"29","34","4-0","هَٰذِهِ","pos","PRON","DEM","nd----"
"29","34","5-0","ٱلْ","pos","DET","DET","r---d-"
"29","34","5-1","قَرْيَةِ","pos","NOUN","N","nl----"
"29","34","5-2",,"pos","NSUFF","œ","r---t-"
"29","34","6-0","رِجْزًا","pos","NOUN","N","nq----"
"29","34","6-1",,"pos","CASE","œ","r---k-"
"29","34","7-0","مِّنَ","pos","PREP","P","p--p--"
"29","34","8-0","ٱل","pos","DET","DET","r---d-"
"29","34","8-1","سَّمَآءِ","pos","NOUN","N","nq----"
"29","34","9-0","بِ","pos","PREP","P","p--p--"
"29","34","9-1","مَا","pos","PART","REL","nr----"
"29","34","10-0","كَانُ","pos","V","V","v-p---"
"29","34","10-1","وا۟","pos","PRON","PRON","r---r-"
"29","34","11-0","يَفْسُقُ","pos","NOUN","V","r---a-"
"29","34","11-1","ونَ","pos","NSUFF","PRON","v-c---"
"29","34","11-2",,"pos","-","œ","r---r-"
"29","34","13",".","pos","END","END","END"
"29","35","0-0","وَ","pos","CONJ","CONJ","p--c--"
"29","35","0-1","لَ","pos","PART","EMPH","p--z--"
"29","35","0-2","قَد","pos","-","CERT","p--b--"
"29","35","1-0","تَّرَكْ","pos","V","V","v-p---"
"29","35","1-1","نَا","pos","PRON","PRON","r---r-"
"29","35","2-0","مِنْ","pos","NOUN","P","p--p--"
"29","35","2-1","هَآ","pos","-","PRON","r---r-"
"29","35","3-0","ءَايَةًۢ","pos","NOUN","N","nq----"
"29","35","3-1",,"pos","NSUFF","œ","r---t-"
"29","35","4-0","بَيِّنَةً","pos","NOUN","ADJ","nj----"
"29","35","4-1",,"pos","NSUFF","œ","r---t-"
"29","35","5-0","لِّ","pos","PREP","P","p--p--"
"29","35","5-1","قَوْمٍ","pos","NOUN","N","n$----"
"29","35","6-0","يَعْقِلُ","pos","V","V","r---a-"
"29","35","6-1","ونَ","pos","PRON","PRON","v-c---"
"29","35","6-2",,"pos","-","œ","r---r-"
"29","35","8",".","pos","END","END","END"
"29","36","0-0","وَ","pos","CONJ","CONJ","p--c--"
"29","36","0-1","إِلَىٰ","pos","PREP","P","p--p--"
"29","36","1-0","مَدْيَنَ","pos","NOUN","PN","nn----"
"29","36","2-0","أَخَا","pos","NOUN","N","nf----"
"29","36","2-1","هُمْ","pos","PRON","PRON","r---r-"
"29","36","3-0","شُعَيْبًا","pos","NOUN","PN","nn----"
"29","36","3-1",,"pos","CASE","œ","r---k-"
"29","36","4-0","فَ","pos","CONJ","CONJ","p--c--"
"29","36","4-1","قَالَ","pos","V","V","v-p---"
"29","36","5-0","يَٰ","pos","PART","VOC","p--v--"
"29","36","6-0","قَوْمِ","pos","NOUN","N","n$----"
"29","36","6-1",,"pos","-","PRON","r---r-"
"29","36","7-0","ٱعْبُدُ","pos","V","V","v-i---"
"29","36","7-1","وا۟","pos","PRON","PRON","r---r-"
"29","36","8-0","ٱللَّهَ","pos","NOUN","PN","nn----"
"29","36","9-0","وَ","pos","CONJ","CONJ","p--c--"
"29","36","9-1","ٱرْجُ","pos","V","V","v-i---"
"29","36","9-2","وا۟","pos","PRON","PRON","r---r-"
"29","36","10-0","ٱلْ","pos","DET","DET","r---d-"
"29","36","10-1","يَوْمَ","pos","NOUN","N","nv----"
"29","36","11-0","ٱلْ","pos","DET","DET","r---d-"
"29","36","11-1","ءَاخِرَ","pos","ADJ","N","nj----"
"29","36","12-0","وَ","pos","CONJ","CONJ","p--c--"
"29","36","12-1","لَا","pos","PART","PRO","p--j--"
"29","36","13-0","تَعْثَ","pos","V","V","r---a-"
"29","36","13-1","وْا۟","pos","PRON","PRON","v-c---"
"29","36","13-2",,"pos","-","œ","r---r-"
"29","36","14-0","فِى","pos","PREP","P","p--p--"
"29","36","15-0","ٱلْ","pos","DET","DET","r---d-"
"29","36","15-1","أَرْضِ","pos","NOUN","N","nn----"
"29","36","16-0","مُفْسِدِينَ","pos","NOUN","N","nu----"
"29","36","16-1",,"pos","NSUFF","œ","r---m-"
"29","36","18",".","pos","END","END","END"
"29","37","0-0","فَ","pos","NOUN","REM","p--c--"
"29","37","0-1","كَذَّبُ","pos","-","V","v-p---"
"29","37","0-2","و","pos","-","PRON","r---r-"
"29","37","0-3","هُ","pos","-","PRON","r---r-"
"29","37","1-0","فَ","pos","CONJ","REM","p--c--"
"29","37","1-1","أَخَذَتْ","pos","V","V","v-p---"
"29","37","1-2","هُمُ","pos","PRON","PRON","r---r-"
"29","37","1-3",,"pos","PRON","œ","r---r-"
"29","37","2-0","ٱل","pos","DET","DET","r---d-"
"29","37","2-1","رَّجْفَةُ","pos","NOUN","N","no----"
"29","37","2-2",,"pos","NSUFF","œ","r---t-"
"29","37","3-0","فَ","pos","CONJ","CONJ","p--c--"
"29","37","3-1","أَصْبَحُ","pos","V","V","v-p---"
"29","37","3-2","وا۟","pos","PRON","PRON","r---r-"
"29","37","4-0","فِى","pos","PREP","P","p--p--"
"29","37","5-0","دَارِ","pos","NOUN","N","nl----"
"29","37","5-1","هِمْ","pos","PRON","PRON","r---r-"
"29","37","6-0","جَٰثِمِينَ","pos","ADJ","N","nu----"
"29","37","6-1",,"pos","NSUFF","œ","r---m-"
"29","37","8",".","pos","END","END","END"
"29","38","0-0","وَ","pos","CONJ","CONJ","p--c--"
"29","38","0-1","عَادًا","pos","V","PN","nn----"
"29","38","0-2",,"pos","PRON","œ","r---k-"
"29","38","1-0","وَ","pos","CONJ","CONJ","p--c--"
"29","38","1-1","ثَمُودَا۟","pos","V","PN","nn----"
"29","38","2-0","وَ","pos","CONJ","CONJ","p--c--"
"29","38","2-1","قَد","pos","PART","CERT","p--b--"
"29","38","3-0","تَّبَيَّنَ","pos","V","V","r---p-"
"29","38","3-1",,"pos","-","œ","v-p---"
"29","38","4-0","لَ","pos","PREP","P","p--p--"
"29","38","4-1","كُم","pos","PRON","PRON","np----"
"29","38","5-0","مِّن","pos","PREP","P","p--p--"
"29","38","6-0","مَّسَٰكِنِ","pos","NOUN","N","nl----"
"29","38","6-1","هِمْ","pos","PRON","PRON","r---r-"
"29","38","7-0","وَ","pos","CONJ","CONJ","p--c--"
"29","38","7-1","زَيَّنَ","pos","NOUN","V","v-p---"
"29","38","8-0","لَ","pos","PREP","P","p--p--"
"29","38","8-1","هُمُ","pos","PRON","PRON","np----"
"29","38","9-0","ٱل","pos","DET","DET","r---d-"
"29","38","9-1","شَّيْطَٰنُ","pos","NOUN","PN","nn----"
"29","38","10-0","أَعْمَٰلَ","pos","NOUN","N","ng----"
"29","38","10-1","هُمْ","pos","PRON","PRON","r---r-"
"29","38","11-0","فَ","pos","NOUN","CONJ","p--c--"
"29","38","11-1","صَدَّ","pos","PRON","V","v-p---"
"29","38","11-2","هُمْ","pos","-","PRON","r---r-"
"29","38","12-0","عَنِ","pos","PREP","P","p--p--"
"29","38","13-0","ٱل","pos","DET","DET","r---d-"
"29","38","13-1","سَّبِيلِ","pos","NOUN","N","nl----"
"29","38","14-0","وَ","pos","CONJ","CONJ","p--c--"
"29","38","14-1","كَانُ","pos","V","V","v-p---"
"29","38","14-2","وا۟","pos","PRON","PRON","r---r-"
"29","38","15-0","مُسْتَبْصِرِينَ","pos","NOUN","N","nu----"
"29","38","15-1",,"pos","-","œ","r---m-"
"29","38","17",".","pos","END","END","END"
"29","39","0-0","وَ","pos","CONJ","CONJ","p--c--"
"29","39","0-1","قَٰرُونَ","pos","NOUN","PN","nn----"
"29","39","1-0","وَ","pos","CONJ","CONJ","p--c--"
"29","39","1-1","فِرْعَوْنَ","pos","NOUN","PN","nn----"
"29","39","2-0","وَ","pos","CONJ","CONJ","p--c--"
"29","39","2-1","هَٰمَٰنَ","pos","NOUN","PN","nn----"
"29","39","3-0","وَ","pos","CONJ","CONJ","p--c--"
"29","39","3-1","لَ","pos","PART","EMPH","p--z--"
"29","39","3-2","قَدْ","pos","-","CERT","p--b--"
"29","39","4-0","جَآءَ","pos","V","V","v-p---"
"29","39","4-1","هُم","pos","PRON","PRON","r---r-"
"29","39","5-0","مُّوسَىٰ","pos","NOUN","PN","nn----"
"29","39","6-0","بِ","pos","PREP","P","p--p--"
"29","39","6-1","ٱلْ","pos","DET","DET","r---d-"
"29","39","6-2","بَيِّنَٰتِ","pos","NOUN","N","nq----"
"29","39","6-3",,"pos","NSUFF","œ","r---l-"
"29","39","7-0","فَ","pos","CONJ","REM","p--c--"
"29","39","7-1","ٱسْتَكْبَرُ","pos","V","V","v-p---"
"29","39","7-2","وا۟","pos","PRON","PRON","r---r-"
"29","39","8-0","فِى","pos","PREP","P","p--p--"
"29","39","9-0","ٱلْ","pos","DET","DET","r---d-"
"29","39","9-1","أَرْضِ","pos","NOUN","N","nn----"
"29","39","10-0","وَ","pos","CONJ","CONJ","p--c--"
"29","39","10-1","مَا","pos","PART","NEG","p--n--"
"29","39","11-0","كَانُ","pos","V","V","v-p---"
"29","39","11-1","وا۟","pos","PRON","PRON","r---r-"
"29","39","12-0","سَٰبِقِينَ","pos","ADJ","N","nu----"
"29","39","12-1",,"pos","NSUFF","œ","r---m-"
"29","39","14",".","pos","END","END","END"
"29","4","0-0","أَمْ","pos","CONJ","CONJ","p--c--"
"29","4","1-0","حَسِبَ","pos","NOUN","V","v-p---"
"29","4","2-0","ٱلَّذِينَ","pos","PART","REL","nr----"
"29","4","3-0","يَعْمَلُ","pos","V","V","r---a-"
"29","4","3-1","ونَ","pos","PRON","PRON","v-c---"
"29","4","3-2",,"pos","-","œ","r---r-"
"29","4","4-0","ٱل","pos","DET","DET","r---d-"
"29","4","4-1","سَّيِّـَٔاتِ","pos","ADJ","N","nq----"
"29","4","4-2",,"pos","NSUFF","œ","r---l-"
"29","4","5-0","أَن","pos","PART","SUB","p--g--"
"29","4","6-0","يَسْبِقُ","pos","NOUN","V","r---a-"
"29","4","6-1","و","pos","-","PRON","v-c---"
"29","4","6-2","نَا","pos","-","PRON","r---r-"
"29","4","6-3",,"pos","-","œ","r---r-"
"29","4","7-0","سَآءَ","pos","V","V","v-p---"
"29","4","8-0","مَا","pos","PART","REL","nr----"
"29","4","9-0","يَحْكُمُ","pos","V","V","r---a-"
"29","4","9-1","ونَ","pos","PRON","PRON","v-c---"
"29","4","9-2",,"pos","-","œ","r---r-"
"29","4","11",".","pos","END","END","END"
"29","40","0-0","فَ","pos","CONJ","REM","p--c--"
"29","40","0-1","كُلًّا","pos","PART","N","n+----"
"29","40","0-2",,"pos","-","œ","r---k-"
"29","40","1-0","أَخَذْ","pos","V","V","v-p---"
"29","40","1-1","نَا","pos","PRON","PRON","r---r-"
"29","40","2-0","بِ","pos","PREP","P","p--p--"
"29","40","2-1","ذَنۢبِ","pos","NOUN","N","nq----"
"29","40","2-2","هِۦ","pos","PRON","PRON","r---r-"
"29","40","3-0","فَ","pos","CONJ","REM","p--c--"
"29","40","3-1","مِنْ","pos","PART","P","p--p--"
"29","40","3-2","هُم","pos","PRON","PRON","r---r-"
"29","40","4-0","مَّنْ","pos","PREP","REL","nr----"
"29","40","5-0","أَرْسَلْ","pos","V","V","v-p---"
"29","40","5-1","نَا","pos","PRON","PRON","r---r-"
"29","40","6-0","عَلَيْ","pos","PREP","P","p--p--"
"29","40","6-1","هِ","pos","PRON","PRON","r---r-"
"29","40","7-0","حَاصِبًا","pos","NOUN","N","nu----"
"29","40","7-1",,"pos","CASE","œ","r---k-"
"29","40","8-0","وَ","pos","CONJ","CONJ","p--c--"
"29","40","8-1","مِنْ","pos","PART","P","p--p--"
"29","40","8-2","هُم","pos","PRON","PRON","r---r-"
"29","40","9-0","مَّنْ","pos","PREP","REL","nr----"
"29","40","10-0","أَخَذَتْ","pos","NOUN","V","v-p---"
"29","40","10-1","هُ","pos","PRON","PRON","r---f-"
"29","40","10-2",,"pos","PRON","œ","r---r-"
"29","40","11-0","ٱل","pos","DET","DET","r---d-"
"29","40","11-1","صَّيْحَةُ","pos","NOUN","N","no----"
"29","40","11-2",,"pos","NSUFF","œ","r---t-"
"29","40","12-0","وَ","pos","CONJ","CONJ","p--c--"
"29","40","12-1","مِنْ","pos","PART","P","p--p--"
"29","40","12-2","هُم","pos","PRON","PRON","r---r-"
"29","40","13-0","مَّنْ","pos","PREP","REL","nr----"
"29","40","14-0","خَسَفْ","pos","NOUN","V","v-p---"
"29","40","14-1","نَا","pos","PRON","PRON","r---r-"
"29","40","15-0","بِ","pos","PREP","P","p--p--"
"29","40","15-1","هِ","pos","PRON","PRON","np----"
"29","40","16-0","ٱلْ","pos","DET","DET","r---d-"
"29","40","16-1","أَرْضَ","pos","NOUN","N","nn----"
"29","40","17-0","وَ","pos","CONJ","CONJ","p--c--"
"29","40","17-1","مِنْ","pos","PART","P","p--p--"
"29","40","17-2","هُم","pos","PRON","PRON","r---r-"
"29","40","18-0","مَّنْ","pos","PREP","REL","nr----"
"29","40","19-0","أَغْرَقْ","pos","V","V","v-p---"
"29","40","19-1","نَا","pos","PRON","PRON","r---r-"
"29","40","20-0","وَ","pos","CONJ","CONJ","p--c--"
"29","40","20-1","مَا","pos","PART","NEG","p--n--"
"29","40","21-0","كَانَ","pos","V","V","v-p---"
"29","40","22-0","ٱللَّهُ","pos","NOUN","PN","nn----"
"29","40","23-0","لِ","pos","PREP","PRP","r---s-"
"29","40","23-1","يَظْلِمَ","pos","NOUN","V","r---a-"
"29","40","23-2","هُمْ","pos","PRON","PRON","v-c---"
"29","40","23-3",,"pos","-","œ","r---r-"
"29","40","24-0","وَ","pos","CONJ","CONJ","p--c--"
"29","40","24-1","لَٰكِن","pos","PART","AMD","p--b--"
"29","40","25-0","كَانُ","pos","V","V","v-p---"
"29","40","25-1","وٓا۟","pos","PRON","PRON","r---r-"
"29","40","26-0","أَنفُسَ","pos","NOUN","N","ne----"
"29","40","26-1","هُمْ","pos","PRON","PRON","r---r-"
"29","40","27-0","يَظْلِمُ","pos","NOUN","V","r---a-"
"29","40","27-1","ونَ","pos","NSUFF","PRON","v-c---"
"29","40","27-2",,"pos","-","œ","r---r-"
"29","40","29",".","pos","END","END","END"
"29","41","0-0","مَثَلُ","pos","NOUN","N","nj----"
"29","41","1-0","ٱلَّذِينَ","pos","PART","REL","nr----"
"29","41","2-0","ٱتَّخَذُ","pos","V","V","v-p---"
"29","41","2-1","وا۟","pos","PRON","PRON","r---r-"
"29","41","3-0","مِن","pos","PREP","P","p--p--"
"29","41","4-0","دُونِ","pos","NOUN","N","nv----"
"29","41","5-0","ٱللَّهِ","pos","NOUN","PN","nn----"
"29","41","6-0","أَوْلِيَآءَ","pos","NOUN","N","n*----"
"29","41","7-0","كَ","pos","PREP","P","p--l--"
"29","41","7-1","مَثَلِ","pos","NOUN","N","nj----"
"29","41","8-0","ٱلْ","pos","DET","DET","r---d-"
"29","41","8-1","عَنكَبُوتِ","pos","NOUN","N","nq----"
"29","41","9-0","ٱتَّخَذَتْ","pos","V","V","v-p---"
"29","41","9-1",,"pos","PRON","œ","r---f-"
"29","41","10-0","بَيْتًا","pos","NOUN","N","nl----"
"29","41","10-1",,"pos","CASE","œ","r---k-"
"29","41","11-0","وَ","pos","CONJ","CONJ","p--c--"
"29","41","11-1","إِنَّ","pos","PART","ACC","p--a--"
"29","41","12-0","أَوْهَنَ","pos","NOUN","N","n@----"
"29","41","13-0","ٱلْ","pos","DET","DET","r---d-"
"29","41","13-1","بُيُوتِ","pos","NOUN","N","nl----"
"29","41","14-0","لَ","pos","PREP","EMPH","p--z--"
"29","41","14-1","بَيْتُ","pos","NOUN","N","nl----"
"29","41","15-0","ٱلْ","pos","DET","DET","r---d-"
"29","41","15-1","عَنكَبُوتِ","pos","NOUN","N","nq----"
"29","41","16-0","لَوْ","pos","PART","COND","p--k--"
"29","41","17-0","كَانُ","pos","V","V","v-p---"
"29","41","17-1","وا۟","pos","PRON","PRON","r---r-"
"29","41","18-0","يَعْلَمُ","pos","V","V","r---a-"
"29","41","18-1","ونَ","pos","PRON","PRON","v-c---"
"29","41","18-2",,"pos","-","œ","r---r-"
"29","41","20",".","pos","END","END","END"
"29","42","0-0","إِنَّ","pos","PART","ACC","p--a--"
"29","42","1-0","ٱللَّهَ","pos","NOUN","PN","nn----"
"29","42","2-0","يَعْلَمُ","pos","V","V","r---a-"
"29","42","2-1",,"pos","-","œ","v-c---"
"29","42","3-0","مَا","pos","PART","REL","nr----"
"29","42","4-0","يَدْعُ","pos","V","V","r---a-"
"29","42","4-1","ونَ","pos","PRON","PRON","v-c---"
"29","42","4-2",,"pos","-","œ","r---r-"
"29","42","5-0","مِن","pos","PREP","P","p--p--"
"29","42","6-0","دُونِ","pos","NOUN","N","nv----"
"29","42","6-1","هِۦ","pos","PRON","PRON","r---r-"
"29","42","7-0","مِن","pos","PREP","P","p--p--"
"29","42","8-0","شَىْءٍ","pos","NOUN","N","na----"
"29","42","9-0","وَ","pos","CONJ","CONJ","p--c--"
"29","42","9-1","هُوَ","pos","PRON","PRON","np----"
"29","42","10-0","ٱلْ","pos","DET","DET","r---d-"
"29","42","10-1","عَزِيزُ","pos","NOUN","N","nj----"
"29","42","11-0","ٱلْ","pos","DET","DET","r---d-"
"29","42","11-1","حَكِيمُ","pos","ADJ","ADJ","nj----"
"29","42","13",".","pos","END","END","END"
"29","43","0-0","وَ","pos","CONJ","CONJ","p--c--"
"29","43","0-1","تِلْكَ","pos","PRON","DEM","nd----"
"29","43","1-0","ٱلْ","pos","DET","DET","r---d-"
"29","43","1-1","أَمْثَٰلُ","pos","NOUN","N","nq----"
"29","43","2-0","نَضْرِبُ","pos","NOUN","V","r---a-"
"29","43","2-1","هَا","pos","PRON","PRON","v-c---"
"29","43","2-2",,"pos","-","œ","r---r-"
"29","43","3-0","لِ","pos","PREP","P","p--p--"
"29","43","3-1","ل","pos","DET","DET","r---d-"
"29","43","3-2","نَّاسِ","pos","NOUN","N","n$----"
"29","43","4-0","وَ","pos","CONJ","CONJ","p--c--"
"29","43","4-1","مَا","pos","PART","NEG","p--n--"
"29","43","5-0","يَعْقِلُ","pos","V","V","r---a-"
"29","43","5-1","هَآ","pos","PRON","PRON","v-c---"
"29","43","5-2",,"pos","-","œ","r---r-"
"29","43","6-0","إِلَّا","pos","PART","RES","p--x--"
"29","43","7-0","ٱلْ","pos","DET","DET","r---d-"
"29","43","7-1","عَٰلِمُونَ","pos","NOUN","N","nu----"
"29","43","7-2",,"pos","NSUFF","œ","r---m-"
"29","43","9",".","pos","END","END","END"
"29","44","0-0","خَلَقَ","pos","NOUN","V","v-p---"
"29","44","1-0","ٱللَّهُ","pos","NOUN","PN","nn----"
"29","44","2-0","ٱل","pos","DET","DET","r---d-"
"29","44","2-1","سَّمَٰوَٰتِ","pos","NOUN","N","nq----"
"29","44","2-2",,"pos","NSUFF","œ","r---l-"
"29","44","3-0","وَ","pos","CONJ","CONJ","p--c--"
"29","44","3-1","ٱلْ","pos","DET","DET","r---d-"
"29","44","3-2","أَرْضَ","pos","NOUN","N","nn----"
"29","44","4-0","بِ","pos","PREP","P","p--p--"
"29","44","4-1","ٱلْ","pos","DET","DET","r---d-"
"29","44","4-2","حَقِّ","pos","NOUN","N","ng----"
"29","44","5-0","إِنَّ","pos","NOUN","ACC","p--a--"
"29","44","6-0","فِى","pos","PREP","P","p--p--"
"29","44","7-0","ذَٰلِكَ","pos","PRON","DEM","nd----"
"29","44","8-0","لَ","pos","PREP","EMPH","p--z--"
"29","44","8-1","ءَايَةً","pos","NOUN","N","nq----"
"29","44","8-2",,"pos","NSUFF","œ","r---t-"
"29","44","9-0","لِّ","pos","PREP","P","p--p--"
"29","44","9-1","لْ","pos","DET","DET","r---d-"
"29","44","9-2","مُؤْمِنِينَ","pos","NOUN","N","nu----"
"29","44","9-3",,"pos","NSUFF","œ","r---m-"
"29","44","11",".","pos","END","END","END"
"29","45","0-0","ٱتْلُ","pos","NOUN","V","v-i---"
"29","45","1-0","مَآ","pos","PART","REL","nr----"
"29","45","2-0","أُوحِىَ","pos","V","V","v-p---"
"29","45","3-0","إِلَيْ","pos","PREP","P","p--p--"
"29","45","3-1","كَ","pos","PRON","PRON","r---r-"
"29","45","4-0","مِنَ","pos","PREP","P","p--p--"
"29","45","5-0","ٱلْ","pos","DET","DET","r---d-"
"29","45","5-1","كِتَٰبِ","pos","NOUN","N","nq----"
"29","45","6-0","وَ","pos","CONJ","CONJ","p--c--"
"29","45","6-1","أَقِمِ","pos","NOUN","V","v-i---"
"29","45","7-0","ٱل","pos","DET","DET","r---d-"
"29","45","7-1","صَّلَوٰةَ","pos","NOUN","N","ng----"
"29","45","7-2",,"pos","NSUFF","œ","r---t-"
"29","45","8-0","إِنَّ","pos","PART","ACC","p--a--"
"29","45","9-0","ٱل","pos","DET","DET","r---d-"
"29","45","9-1","صَّلَوٰةَ","pos","NOUN","N","ng----"
"29","45","9-2",,"pos","NSUFF","œ","r---t-"
"29","45","10-0","تَنْهَىٰ","pos","V","V","r---a-"
"29","45","10-1",,"pos","-","œ","v-c---"
"29","45","11-0","عَنِ","pos","PREP","P","p--p--"
"29","45","12-0","ٱلْ","pos","DET","DET","r---d-"
"29","45","12-1","فَحْشَآءِ","pos","NOUN","N","nq----"
"29","45","13-0","وَ","pos","CONJ","CONJ","p--c--"
"29","45","13-1","ٱلْ","pos","DET","DET","r---d-"
"29","45","13-2","مُنكَرِ","pos","ADJ","N","nk----"
"29","45","14-0","وَ","pos","CONJ","CONJ","p--c--"
"29","45","14-1","لَ","pos","PREP","EMPH","p--z--"
"29","45","14-2","ذِكْرُ","pos","NOUN","N","ng----"
"29","45","15-0","ٱللَّهِ","pos","NOUN","PN","nn----"
"29","45","16-0","أَكْبَرُ","pos","ADJ","ADJ","n@----"
"29","45","17-0","وَ","pos","CONJ","CONJ","p--c--"
"29","45","17-1","ٱللَّهُ","pos","NOUN","PN","nn----"
"29","45","18-0","يَعْلَمُ","pos","V","V","r---a-"
"29","45","18-1",,"pos","-","œ","v-c---"
"29","45","19-0","مَا","pos","PART","REL","nr----"
"29","45","20-0","تَصْنَعُ","pos","V","V","r---a-"
"29","45","20-1","ونَ","pos","PRON","PRON","v-c---"
"29","45","20-2",,"pos","-","œ","r---r-"
"29","45","22",".","pos","END","END","END"
"29","46","0-0","وَ","pos","CONJ","CONJ","p--c--"
"29","46","0-1","لَا","pos","PART","PRO","p--j--"
"29","46","1-0","تُجَٰدِلُ","pos","V","V","r---a-"
"29","46","1-1","وٓا۟","pos","PRON","PRON","v-c---"
"29","46","1-2",,"pos","-","œ","r---r-"
"29","46","2-0","أَهْلَ","pos","NOUN","N","n$----"
"29","46","3-0","ٱلْ","pos","DET","DET","r---d-"
"29","46","3-1","كِتَٰبِ","pos","NOUN","N","nq----"
"29","46","4-0","إِلَّا","pos","PART","RES","p--x--"
"29","46","5-0","بِ","pos","PREP","P","p--p--"
"29","46","5-1","ٱلَّتِى","pos","PART","REL","nr----"
"29","46","6-0","هِىَ","pos","PRON","PRON","np----"
"29","46","7-0","أَحْسَنُ","pos","V","N","n@----"
"29","46","8-0","إِلَّا","pos","PART","RES","p--x--"
"29","46","9-0","ٱلَّذِينَ","pos","PART","REL","nr----"
"29","46","10-0","ظَلَمُ","pos","NOUN","V","v-p---"
"29","46","10-1","وا۟","pos","PRON","PRON","r---r-"
"29","46","11-0","مِنْ","pos","NOUN","P","p--p--"
"29","46","11-1","هُمْ","pos","-","PRON","r---r-"
"29","46","12-0","وَ","pos","CONJ","CONJ","p--c--"
"29","46","12-1","قُولُ","pos","V","V","v-i---"
"29","46","12-2","وٓا۟","pos","PRON","PRON","r---r-"
"29","46","13-0","ءَامَ","pos","ADJ","V","v-p---"
"29","46","13-1","نَّا","pos","CASE","PRON","r---r-"
"29","46","14-0","بِ","pos","PREP","P","p--p--"
"29","46","14-1","ٱلَّذِىٓ","pos","PART","REL","nr----"
"29","46","15-0","أُنزِلَ","pos","V","V","v-p---"
"29","46","16-0","إِلَيْ","pos","PREP","P","p--p--"
"29","46","16-1","نَا","pos","PRON","PRON","r---r-"
"29","46","17-0","وَ","pos","CONJ","CONJ","p--c--"
"29","46","17-1","أُنزِلَ","pos","V","V","v-p---"
"29","46","18-0","إِلَيْ","pos","PREP","P","p--p--"
"29","46","18-1","كُمْ","pos","PRON","PRON","r---r-"
"29","46","19-0","وَ","pos","CONJ","CONJ","p--c--"
"29","46","19-1","إِلَٰهُ","pos","NOUN","N","nq----"
"29","46","19-2","نَا","pos","PRON","PRON","r---r-"
"29","46","20-0","وَ","pos","CONJ","CONJ","p--c--"
"29","46","20-1","إِلَٰهُ","pos","NOUN","N","nq----"
"29","46","20-2","كُمْ","pos","PRON","PRON","r---r-"
"29","46","21-0","وَٰحِدٌ","pos","ADJ","ADJ","n&----"
"29","46","22-0","وَ","pos","CONJ","CONJ","p--c--"
"29","46","22-1","نَحْنُ","pos","PRON","PRON","np----"
"29","46","23-0","لَ","pos","PREP","P","p--p--"
"29","46","23-1","هُۥ","pos","PRON","PRON","np----"
"29","46","24-0","مُسْلِمُونَ","pos","NOUN","N","nu----"
"29","46","24-1",,"pos","NSUFF","œ","r---m-"
"29","46","26",".","pos","END","END","END"
"29","47","0-0","وَ","pos","CONJ","CONJ","p--c--"
"29","47","0-1","كَ","pos","PREP","P","p--l--"
"29","47","0-2","ذَٰلِكَ","pos","PRON","DEM","nd----"
"29","47","1-0","أَنزَلْ","pos","V","V","v-p---"
"29","47","1-1","نَآ","pos","PRON","PRON","r---r-"
"29","47","2-0","إِلَيْ","pos","PREP","P","p--p--"
"29","47","2-1","كَ","pos","PRON","PRON","r---r-"
"29","47","3-0","ٱلْ","pos","DET","DET","r---d-"
"29","47","3-1","كِتَٰبَ","pos","NOUN","N","nq----"
"29","47","4-0","فَ","pos","CONJ","REM","p--c--"
"29","47","4-1","ٱلَّذِينَ","pos","PART","REL","nr----"
"29","47","5-0","ءَاتَيْ","pos","NOUN","V","v-p---"
"29","47","5-1","نَٰ","pos","-","PRON","r---r-"
"29","47","5-2","هُمُ","pos","-","PRON","r---r-"
"29","47","6-0","ٱلْ","pos","DET","DET","r---d-"
"29","47","6-1","كِتَٰبَ","pos","NOUN","N","nq----"
"29","47","7-0","يُؤْمِنُ","pos","V","V","r---a-"
"29","47","7-1","ونَ","pos","PRON","PRON","v-c---"
"29","47","7-2",,"pos","-","œ","r---r-"
"29","47","8-0","بِ","pos","PREP","P","p--p--"
"29","47","8-1","هِۦ","pos","PRON","PRON","np----"
"29","47","9-0","وَ","pos","CONJ","CONJ","p--c--"
"29","47","9-1","مِنْ","pos","PART","P","p--p--"
"29","47","10-0","هَٰٓؤُلَآءِ","pos","PRON","DEM","nd----"
"29","47","11-0","مَن","pos","PREP","REL","nr----"
"29","47","12-0","يُؤْمِنُ","pos","V","V","r---a-"
"29","47","12-1",,"pos","-","œ","v-c---"
"29","47","13-0","بِ","pos","PREP","P","p--p--"
"29","47","13-1","هِۦ","pos","PRON","PRON","np----"
"29","47","14-0","وَ","pos","CONJ","CONJ","p--c--"
"29","47","14-1","مَا","pos","PART","NEG","p--n--"
"29","47","15-0","يَجْحَدُ","pos","V","V","r---a-"
"29","47","15-1",,"pos","-","œ","v-c---"
"29","47","16-0","بِ","pos","PREP","P","p--p--"
"29","47","16-1","ـَٔايَٰتِ","pos","NOUN","N","nq----"
"29","47","16-2","نَآ","pos","NSUFF","PRON","r---l-"
"29","47","16-3",,"pos","PRON","œ","r---r-"
"29","47","17-0","إِلَّا","pos","PART","RES","p--x--"
"29","47","18-0","ٱلْ","pos","DET","DET","r---d-"
"29","47","18-1","كَٰفِرُونَ","pos","NOUN","N","nu----"
"29","47","18-2",,"pos","NSUFF","œ","r---m-"
"29","47","20",".","pos","END","END","END"
"29","48","0-0","وَ","pos","CONJ","CONJ","p--c--"
"29","48","0-1","مَا","pos","PART","NEG","p--n--"
"29","48","1-0","كُن","pos","NOUN","V","v-p---"
"29","48","1-1","تَ","pos","-","PRON","r---r-"
"29","48","2-0","تَتْلُوا۟","pos","V","V","r---a-"
"29","48","2-1",,"pos","-","œ","v-c---"
"29","48","3-0","مِن","pos","PREP","P","p--p--"
"29","48","4-0","قَبْلِ","pos","NOUN","N","nv----"
"29","48","4-1","هِۦ","pos","PRON","PRON","r---r-"
"29","48","5-0","مِن","pos","PREP","P","p--p--"
"29","48","6-0","كِتَٰبٍ","pos","NOUN","N","nq----"
"29","48","7-0","وَ","pos","CONJ","CONJ","p--c--"
"29","48","7-1","لَا","pos","PART","NEG","p--n--"
"29","48","8-0","تَخُطُّ","pos","V","V","r---a-"
"29","48","8-1","هُۥ","pos","PRON","PRON","v-c---"
"29","48","8-2",,"pos","-","œ","r---r-"
"29","48","9-0","بِ","pos","PREP","P","p--p--"
"29","48","9-1","يَمِينِ","pos","NOUN","N","nq----"
"29","48","9-2","كَ","pos","PRON","PRON","r---r-"
"29","48","10-0","إِذًا","pos","PART","SUR","p--b--"
"29","48","10-1",,"pos","-","œ","r---k-"
"29","48","11-0","لَّ","pos","PREP","EMPH","p--z--"
"29","48","11-1","ٱرْتَابَ","pos","V","V","v-p---"
"29","48","12-0","ٱلْ","pos","DET","DET","r---d-"
"29","48","12-1","مُبْطِلُونَ","pos","ADJ","N","nu----"
"29","48","12-2",,"pos","NSUFF","œ","r---m-"
"29","48","14",".","pos","END","END","END"
"29","49","0-0","بَلْ","pos","CONJ","RET","p--b--"
"29","49","1-0","هُوَ","pos","PRON","PRON","np----"
"29","49","2-0","ءَايَٰتٌۢ","pos","NOUN","N","nq----"
"29","49","2-1",,"pos","NSUFF","œ","r---l-"
"29","49","3-0","بَيِّنَٰتٌ","pos","NOUN","ADJ","nj----"
"29","49","3-1",,"pos","NSUFF","œ","r---l-"
"29","49","4-0","فِى","pos","PREP","P","p--p--"
"29","49","5-0","صُدُورِ","pos","NOUN","N","nl----"
"29","49","6-0","ٱلَّذِينَ","pos","PART","REL","nr----"
"29","49","7-0","أُوتُ","pos","V","V","v-p---"
"29","49","7-1","وا۟","pos","PRON","PRON","r---r-"
"29","49","8-0","ٱلْ","pos","DET","DET","r---d-"
"29","49","8-1","عِلْمَ","pos","NOUN","N","nq----"
"29","49","9-0","وَ","pos","CONJ","CONJ","p--c--"
"29","49","9-1","مَا","pos","PART","NEG","p--n--"
"29","49","10-0","يَجْحَدُ","pos","V","V","r---a-"
"29","49","10-1",,"pos","-","œ","v-c---"
"29","49","11-0","بِ","pos","PREP","P","p--p--"
"29","49","11-1","ـَٔايَٰتِ","pos","NOUN","N","nq----"
"29","49","11-2","نَآ","pos","NSUFF","PRON","r---l-"
"29","49","11-3",,"pos","PRON","œ","r---r-"
"29","49","12-0","إِلَّا","pos","PART","RES","p--x--"
"29","49","13-0","ٱل","pos","DET","DET","r---d-"
"29","49","13-1","ظَّٰلِمُونَ","pos","ADJ","N","nu----"
"29","49","13-2",,"pos","NSUFF","œ","r---m-"
"29","49","15",".","pos","END","END","END"
"29","5","0-0","مَن","pos","PREP","REL","nr----"
"29","5","1-0","كَانَ","pos","V","V","v-p---"
"29","5","2-0","يَرْجُوا۟","pos","ADJ","V","r---a-"
"29","5","2-1",,"pos","-","œ","v-c---"
"29","5","3-0","لِقَآءَ","pos","NOUN","N","ng----"
"29","5","4-0","ٱللَّهِ","pos","NOUN","PN","nn----"
"29","5","5-0","فَ","pos","CONJ","REM","p--c--"
"29","5","5-1","إِنَّ","pos","PART","ACC","p--a--"
"29","5","6-0","أَجَلَ","pos","NOUN","N","ng----"
"29","5","7-0","ٱللَّهِ","pos","NOUN","PN","nn----"
"29","5","8-0","لَ","pos","PREP","EMPH","p--z--"
"29","5","8-1","ءَاتٍ","pos","ADJ","N","nu----"
"29","5","9-0","وَ","pos","CONJ","CONJ","p--c--"
"29","5","9-1","هُوَ","pos","PRON","PRON","np----"
"29","5","10-0","ٱل","pos","DET","DET","r---d-"
"29","5","10-1","سَّمِيعُ","pos","NOUN","N","nj----"
"29","5","11-0","ٱلْ","pos","DET","DET","r---d-"
"29","5","11-1","عَلِيمُ","pos","NOUN","ADJ","nj----"
"29","5","13",".","pos","END","END","END"
"29","50","0-0","وَ","pos","CONJ","CONJ","p--c--"
"29","50","0-1","قَالُ","pos","V","V","v-p---"
"29","50","0-2","وا۟","pos","PRON","PRON","r---r-"
"29","50","1-0","لَوْلَآ","pos","PART","EXH","p--m--"
"29","50","2-0","أُنزِلَ","pos","V","V","v-p---"
"29","50","3-0","عَلَيْ","pos","NOUN","P","p--p--"
"29","50","3-1","هِ","pos","PRON","PRON","r---r-"
"29","50","4-0","ءَايَٰتٌ","pos","NOUN","N","nq----"
"29","50","4-1",,"pos","NSUFF","œ","r---l-"
"29","50","5-0","مِّن","pos","PREP","P","p--p--"
"29","50","6-0","رَّبِّ","pos","NOUN","N","nq----"
"29","50","6-1","هِۦ","pos","PRON","PRON","r---r-"
"29","50","7-0","قُلْ","pos","V","V","v-i---"
"29","50","8-0","إِنَّ","pos","PART","ACC","p--a--"
"29","50","8-1","مَا","pos","-","PREV","p--b--"
"29","50","9-0","ٱلْ","pos","DET","DET","r---d-"
"29","50","9-1","ءَايَٰتُ","pos","NOUN","N","nq----"
"29","50","9-2",,"pos","NSUFF","œ","r---l-"
"29","50","10-0","عِندَ","pos","NOUN","LOC","nv----"
"29","50","11-0","ٱللَّهِ","pos","NOUN","PN","nn----"
"29","50","12-0","وَ","pos","CONJ","CONJ","p--c--"
"29","50","12-1","إِنَّ","pos","PART","ACC","p--a--"
"29","50","12-2","مَآ","pos","-","PREV","p--b--"
"29","50","13-0","أَنَا۠","pos","PRON","PRON","np----"
"29","50","14-0","نَذِيرٌ","pos","V","N","nj----"
"29","50","15-0","مُّبِينٌ","pos","NOUN","N","nu----"
"29","50","17",".","pos","END","END","END"
"29","51","0-0","أَ","pos","NOUN","INTG","p--i--"
"29","51","0-1","وَ","pos","-","SUP","p--c--"
"29","51","0-2","لَمْ","pos","-","NEG","p--n--"
"29","51","1-0","يَكْفِ","pos","V","V","r---a-"
"29","51","1-1","هِمْ","pos","PRON","PRON","v-c---"
"29","51","1-2",,"pos","-","œ","r---r-"
"29","51","2-0","أَنَّ","pos","PRON","ACC","p--a--"
"29","51","2-1","آ","pos","-","PRON","r---r-"
"29","51","3-0","أَنزَلْ","pos","V","V","v-p---"
"29","51","3-1","نَا","pos","PRON","PRON","r---r-"
"29","51","4-0","عَلَيْ","pos","PREP","P","p--p--"
"29","51","4-1","كَ","pos","PRON","PRON","r---r-"
"29","51","5-0","ٱلْ","pos","DET","DET","r---d-"
"29","51","5-1","كِتَٰبَ","pos","NOUN","N","nq----"
"29","51","6-0","يُتْلَىٰ","pos","V","V","r---a-"
"29","51","6-1",,"pos","-","œ","v-c---"
"29","51","7-0","عَلَيْ","pos","PREP","P","p--p--"
"29","51","7-1","هِمْ","pos","PRON","PRON","r---r-"
"29","51","8-0","إِنَّ","pos","PART","ACC","p--a--"
"29","51","9-0","فِى","pos","PREP","P","p--p--"
"29","51","10-0","ذَٰلِكَ","pos","PRON","DEM","nd----"
"29","51","11-0","لَ","pos","PREP","EMPH","p--z--"
"29","51","11-1","رَحْمَةً","pos","NOUN","N","no----"
"29","51","11-2",,"pos","NSUFF","œ","r---t-"
"29","51","12-0","وَ","pos","CONJ","CONJ","p--c--"
"29","51","12-1","ذِكْرَىٰ","pos","NOUN","N","no----"
"29","51","13-0","لِ","pos","PREP","P","p--p--"
"29","51","13-1","قَوْمٍ","pos","NOUN","N","n$----"
"29","51","14-0","يُؤْمِنُ","pos","V","V","r---a-"
"29","51","14-1","ونَ","pos","PRON","PRON","v-c---"
"29","51","14-2",,"pos","-","œ","r---r-"
"29","51","16",".","pos","END","END","END"
"29","52","0-0","قُلْ","pos","V","V","v-i---"
"29","52","1-0","كَفَىٰ","pos","V","V","v-p---"
"29","52","2-0","بِ","pos","PREP","P","p--p--"
"29","52","2-1","ٱللَّهِ","pos","NOUN","PN","nn----"
"29","52","3-0","بَيْنِ","pos","NOUN","LOC","nv----"
"29","52","3-1","ى","pos","PRON","PRON","r---r-"
"29","52","4-0","وَ","pos","CONJ","CONJ","p--c--"
"29","52","4-1","بَيْنَ","pos","NOUN","LOC","nv----"
"29","52","4-2","كُمْ","pos","PRON","PRON","r---r-"
"29","52","5-0","شَهِيدًا","pos","NOUN","N","nj----"
"29","52","5-1",,"pos","CASE","œ","r---k-"
"29","52","6-0","يَعْلَمُ","pos","V","V","r---a-"
"29","52","6-1",,"pos","-","œ","v-c---"
"29","52","7-0","مَا","pos","PART","REL","nr----"
"29","52","8-0","فِى","pos","PREP","P","p--p--"
"29","52","9-0","ٱل","pos","DET","DET","r---d-"
"29","52","9-1","سَّمَٰوَٰتِ","pos","NOUN","N","nq----"
"29","52","9-2",,"pos","NSUFF","œ","r---l-"
"29","52","10-0","وَ","pos","CONJ","CONJ","p--c--"
"29","52","10-1","ٱلْ","pos","DET","DET","r---d-"
"29","52","10-2","أَرْضِ","pos","NOUN","N","nn----"
"29","52","11-0","وَ","pos","CONJ","CONJ","p--c--"
"29","52","11-1","ٱلَّذِينَ","pos","PART","REL","nr----"
"29","52","12-0","ءَامَنُ","pos","V","V","v-p---"
"29","52","12-1","وا۟","pos","PRON","PRON","r---r-"
"29","52","13-0","بِ","pos","PREP","P","p--p--"
"29","52","13-1","ٱلْ","pos","DET","DET","r---d-"
"29","52","13-2","بَٰطِلِ","pos","NOUN","N","nu----"
"29","52","14-0","وَ","pos","CONJ","CONJ","p--c--"
"29","52","14-1","كَفَرُ","pos","NOUN","V","v-p---"
"29","52","14-2","وا۟","pos","PRON","PRON","r---r-"
"29","52","15-0","بِ","pos","PREP","P","p--p--"
"29","52","15-1","ٱللَّهِ","pos","NOUN","PN","nn----"
"29","52","16-0","أُو۟لَٰٓئِكَ","pos","PRON","DEM","nd----"
"29","52","17-0","هُمُ","pos","PRON","PRON","np----"
"29","52","18-0","ٱلْ","pos","DET","DET","r---d-"
"29","52","18-1","خَٰسِرُونَ","pos","NOUN","N","nu----"
"29","52","18-2",,"pos","NSUFF","œ","r---m-"
"29","52","20",".","pos","END","END","END"
"29","53","0-0","وَ","pos","NOUN","CONJ","p--c--"
"29","53","0-1","يَسْتَعْجِلُ","pos","-","V","r---a-"
"29","53","0-2","ونَ","pos","-","PRON","v-c---"
"29","53","0-3","كَ","pos","-","PRON","r---r-"
"29","53","0-4",,"pos","-","œ","r---r-"
"29","53","1-0","بِ","pos","PREP","P","p--p--"
"29","53","1-1","ٱلْ","pos","DET","DET","r---d-"
"29","53","1-2","عَذَابِ","pos","NOUN","N","ng----"
"29","53","2-0","وَ","pos","CONJ","CONJ","p--c--"
"29","53","2-1","لَوْلَآ","pos","PART","COND","p--k--"
"29","53","3-0","أَجَلٌ","pos","NOUN","N","nv----"
"29","53","4-0","مُّسَمًّى","pos","NOUN","N","nk----"
"29","53","5-0","لَّ","pos","PREP","EMPH","p--z--"
"29","53","5-1","جَآءَ","pos","V","V","v-p---"
"29","53","5-2","هُمُ","pos","PRON","PRON","r---r-"
"29","53","6-0","ٱلْ","pos","DET","DET","r---d-"
"29","53","6-1","عَذَابُ","pos","NOUN","N","ng----"
"29","53","7-0","وَ","pos","NOUN","CONJ","p--c--"
"29","53","7-1","لَ","pos","-","EMPH","r---z-"
"29","53","7-2","يَأْتِيَ","pos","-","V","r---a-"
"29","53","7-3","نَّ","pos","-","EMPH","v-c---"
"29","53","7-4","هُم","pos","-","PRON","r---z-"
"29","53","7-5",,"pos","-","œ","r---r-"
"29","53","8-0","بَغْتَةً","pos","NOUN","N","no----"
"29","53","8-1",,"pos","NSUFF","œ","r---t-"
"29","53","9-0","وَ","pos","CONJ","CIRC","p--c--"
"29","53","9-1","هُمْ","pos","PRON","PRON","np----"
"29","53","10-0","لَا","pos","PART","NEG","p--n--"
"29","53","11-0","يَشْعُرُ","pos","V","V","r---a-"
"29","53","11-1","ونَ","pos","PRON","PRON","v-c---"
"29","53","11-2",,"pos","-","œ","r---r-"
"29","53","13",".","pos","END","END","END"
"29","54","0-0","يَسْتَعْجِلُ","pos","NOUN","V","r---a-"
"29","54","0-1","ونَ","pos","-","PRON","v-c---"
"29","54","0-2","كَ","pos","-","PRON","r---r-"
"29","54","0-3",,"pos","-","œ","r---r-"
"29","54","1-0","بِ","pos","PREP","P","p--p--"
"29","54","1-1","ٱلْ","pos","DET","DET","r---d-"
"29","54","1-2","عَذَابِ","pos","NOUN","N","ng----"
"29","54","2-0","وَ","pos","CONJ","CONJ","p--c--"
"29","54","2-1","إِنَّ","pos","NOUN","ACC","p--a--"
"29","54","3-0","جَهَنَّمَ","pos","NOUN","PN","nn----"
"29","54","4-0","لَ","pos","PREP","EMPH","p--z--"
"29","54","4-1","مُحِيطَةٌۢ","pos","NOUN","N","nu----"
"29","54","4-2",,"pos","NSUFF","œ","r---t-"
"29","54","5-0","بِ","pos","PREP","P","p--p--"
"29","54","5-1","ٱلْ","pos","DET","DET","r---d-"
"29","54","5-2","كَٰفِرِينَ","pos","NOUN","N","nu----"
"29","54","5-3",,"pos","NSUFF","œ","r---m-"
"29","54","7",".","pos","END","END","END"
"29","55","0-0","يَوْمَ","pos","NOUN","N","nv----"
"29","55","1-0","يَغْشَىٰ","pos","NOUN","V","r---a-"
"29","55","1-1","هُمُ","pos","PRON","PRON","v-c---"
"29","55","1-2",,"pos","-","œ","r---r-"
"29","55","2-0","ٱلْ","pos","DET","DET","r---d-"
"29","55","2-1","عَذَابُ","pos","NOUN","N","ng----"
"29","55","3-0","مِن","pos","PREP","P","p--p--"
"29","55","4-0","فَوْقِ","pos","NOUN","N","nv----"
"29","55","4-1","هِمْ","pos","PRON","PRON","r---r-"
"29","55","5-0","وَ","pos","CONJ","CONJ","p--c--"
"29","55","5-1","مِن","pos","PART","P","p--p--"
"29","55","6-0","تَحْتِ","pos","NOUN","N","nv----"
"29","55","7-0","أَرْجُلِ","pos","NOUN","N","nq----"
"29","55","7-1","هِمْ","pos","PRON","PRON","r---r-"
"29","55","8-0","وَ","pos","CONJ","CONJ","p--c--"
"29","55","8-1","يَقُولُ","pos","V","V","r---a-"
"29","55","8-2",,"pos","-","œ","v-c---"
"29","55","9-0","ذُوقُ","pos","V","V","v-i---"
"29","55","9-1","وا۟","pos","PRON","PRON","r---r-"
"29","55","10-0","مَا","pos","PART","REL","nr----"
"29","55","11-0","كُن","pos","NOUN","V","v-p---"
"29","55","11-1","تُمْ","pos","-","PRON","r---r-"
"29","55","12-0","تَعْمَلُ","pos","V","V","r---a-"
"29","55","12-1","ونَ","pos","PRON","PRON","v-c---"
"29","55","12-2",,"pos","-","œ","r---r-"
"29","55","14",".","pos","END","END","END"
"29","56","0-0","يَٰ","pos","PART","VOC","p--v--"
"29","56","1-0","عِبَادِ","pos","NOUN","N","n#----"
"29","56","1-1","ىَ","pos","-","PRON","r---r-"
"29","56","2-0","ٱلَّذِينَ","pos","PART","REL","nr----"
"29","56","3-0","ءَامَنُ","pos","V","V","v-p---"
"29","56","3-1","وٓا۟","pos","PRON","PRON","r---r-"
"29","56","4-0","إِنَّ","pos","FOREIGN","ACC","p--a--"
"29","56","5-0","أَرْضِ","pos","NOUN","N","nn----"
"29","56","5-1","ى","pos","-","PRON","r---r-"
"29","56","6-0","وَٰسِعَةٌ","pos","ADJ","N","nu----"
"29","56","6-1",,"pos","NSUFF","œ","r---t-"
"29","56","7-0","فَ","pos","ADJ","REM","p--c--"
"29","56","7-1","إِيَّٰىَ","pos","-","PRON","np----"
"29","56","8-0","فَ","pos","NOUN","REM","p--c--"
"29","56","8-1","ٱعْبُدُ","pos","-","V","v-i---"
"29","56","8-2","و","pos","-","PRON","r---m-"
"29","56","8-3","نِ","pos","-","PRON","r---n-"
"29","56","8-4",,"pos","-","œ","r---r-"
"29","56","10",".","pos","END","END","END"
"29","57","0-0","كُلُّ","pos","NOUN","N","nq----"
"29","57","1-0","نَفْسٍ","pos","NOUN","N","nq----"
"29","57","2-0","ذَآئِقَةُ","pos","NOUN","N","nu----"
"29","57","2-1",,"pos","NSUFF","œ","r---t-"
"29","57","3-0","ٱلْ","pos","DET","DET","r---d-"
"29","57","3-1","مَوْتِ","pos","NOUN","N","ng----"
"29","57","4-0","ثُمَّ","pos","CONJ","CONJ","p--c--"
"29","57","5-0","إِلَيْ","pos","PREP","P","p--p--"
"29","57","5-1","نَا","pos","PRON","PRON","r---r-"
"29","57","6-0","تُرْجَعُ","pos","V","V","r---a-"
"29","57","6-1","ونَ","pos","PRON","PRON","v-c---"
"29","57","6-2",,"pos","-","œ","r---r-"
"29","57","8",".","pos","END","END","END"
"29","58","0-0","وَ","pos","CONJ","CONJ","p--c--"
"29","58","0-1","ٱلَّذِينَ","pos","PART","REL","nr----"
"29","58","1-0","ءَامَنُ","pos","V","V","v-p---"
"29","58","1-1","وا۟","pos","PRON","PRON","r---r-"
"29","58","2-0","وَ","pos","CONJ","CONJ","p--c--"
"29","58","2-1","عَمِلُ","pos","V","V","v-p---"
"29","58","2-2","وا۟","pos","PRON","PRON","r---r-"
"29","58","3-0","ٱل","pos","DET","DET","r---d-"
"29","58","3-1","صَّٰلِحَٰتِ","pos","NOUN","N","nu----"
"29","58","3-2",,"pos","NSUFF","œ","r---l-"
"29","58","4-0","لَ","pos","NOUN","EMPH","p--z--"
"29","58","4-1","نُبَوِّئَ","pos","-","V","r---a-"
"29","58","4-2","نَّ","pos","-","EMPH","v-c---"
"29","58","4-3","هُم","pos","-","PRON","r---z-"
"29","58","4-4",,"pos","-","œ","r---r-"
"29","58","5-0","مِّنَ","pos","PREP","P","p--p--"
"29","58","6-0","ٱلْ","pos","DET","DET","r---d-"
"29","58","6-1","جَنَّةِ","pos","NOUN","PN","nn----"
"29","58","6-2",,"pos","NSUFF","œ","r---t-"
"29","58","7-0","غُرَفًا","pos","NOUN","N","nl----"
"29","58","7-1",,"pos","CASE","œ","r---k-"
"29","58","8-0","تَجْرِى","pos","V","V","r---a-"
"29","58","8-1",,"pos","-","œ","v-c---"
"29","58","9-0","مِن","pos","PREP","P","p--p--"
"29","58","10-0","تَحْتِ","pos","NOUN","N","nv----"
"29","58","10-1","هَا","pos","PRON","PRON","r---r-"
"29","58","11-0","ٱلْ","pos","DET","DET","r---d-"
"29","58","11-1","أَنْهَٰرُ","pos","NOUN","N","nl----"
"29","58","12-0","خَٰلِدِينَ","pos","NOUN","N","nu----"
"29","58","12-1",,"pos","NSUFF","œ","r---m-"
"29","58","13-0","فِي","pos","PREP","P","p--p--"
"29","58","13-1","هَا","pos","PRON","PRON","r---r-"
"29","58","14-0","نِعْمَ","pos","PART","V","v-p---"
"29","58","15-0","أَجْرُ","pos","V","N","ng----"
"29","58","16-0","ٱلْ","pos","DET","DET","r---d-"
"29","58","16-1","عَٰمِلِينَ","pos","NOUN","N","nu----"
"29","58","16-2",,"pos","NSUFF","œ","r---m-"
"29","58","18",".","pos","END","END","END"
"29","59","0-0","ٱلَّذِينَ","pos","PART","REL","nr----"
"29","59","1-0","صَبَرُ","pos","NOUN","V","v-p---"
"29","59","1-1","وا۟","pos","PRON","PRON","r---r-"
"29","59","2-0","وَ","pos","CONJ","CONJ","p--c--"
"29","59","2-1","عَلَىٰ","pos","PREP","P","p--p--"
"29","59","3-0","رَبِّ","pos","NOUN","N","nq----"
"29","59","3-1","هِمْ","pos","PRON","PRON","r---r-"
"29","59","4-0","يَتَوَكَّلُ","pos","NOUN","V","r---a-"
"29","59","4-1","ونَ","pos","-","PRON","v-c---"
"29","59","4-2",,"pos","-","œ","r---r-"
"29","59","6",".","pos","END","END","END"
"29","6","0-0","وَ","pos","CONJ","CONJ","p--c--"
"29","6","0-1","مَن","pos","PART","REL","nr----"
"29","6","1-0","جَٰهَدَ","pos","ADJ","V","v-p---"
"29","6","2-0","فَ","pos","PART","REM","p--c--"
"29","6","2-1","إِنَّ","pos","PART","ACC","p--a--"
"29","6","2-2","مَا","pos","-","PREV","p--b--"
"29","6","3-0","يُجَٰهِدُ","pos","V","V","r---a-"
"29","6","3-1",,"pos","-","œ","v-c---"
"29","6","4-0","لِ","pos","PREP","P","p--p--"
"29","6","4-1","نَفْسِ","pos","NOUN","N","n*----"
"29","6","4-2","هِۦٓ","pos","PRON","PRON","r---r-"
"29","6","5-0","إِنَّ","pos","PART","ACC","p--a--"
"29","6","6-0","ٱللَّهَ","pos","NOUN","PN","nn----"
"29","6","7-0","لَ","pos","PREP","EMPH","p--z--"
"29","6","7-1","غَنِىٌّ","pos","NOUN","N","nj----"
"29","6","8-0","عَنِ","pos","PREP","P","p--p--"
"29","6","9-0","ٱلْ","pos","DET","DET","r---d-"
"29","6","9-1","عَٰلَمِينَ","pos","NOUN","N","n#----"
"29","6","9-2",,"pos","NSUFF","œ","r---m-"
"29","6","11",".","pos","END","END","END"
"29","60","0-0","وَ","pos","CONJ","CONJ","p--c--"
"29","60","0-1","كَأَيِّن","pos","PREP","N","p--l--"
"29","60","0-2",,"pos","PART","œ","na----"
"29","60","1-0","مِّن","pos","PREP","P","p--p--"
"29","60","2-0","دَآبَّةٍ","pos","NOUN","N","nq----"
"29","60","2-1",,"pos","NSUFF","œ","r---t-"
"29","60","3-0","لَّا","pos","PART","NEG","p--n--"
"29","60","4-0","تَحْمِلُ","pos","V","V","r---a-"
"29","60","4-1",,"pos","-","œ","v-c---"
"29","60","5-0","رِزْقَ","pos","NOUN","N","ng----"
"29","60","5-1","هَا","pos","PRON","PRON","r---r-"
"29","60","6-0","ٱللَّهُ","pos","NOUN","PN","nn----"
"29","60","7-0","يَرْزُقُ","pos","NOUN","V","r---a-"
"29","60","7-1","هَا","pos","PRON","PRON","v-c---"
"29","60","7-2",,"pos","-","œ","r---r-"
"29","60","8-0","وَ","pos","CONJ","CONJ","p--c--"
"29","60","8-1","إِيَّاكُمْ","pos","PART","PRON","np----"
"29","60","8-2",,"pos","PRON","œ","r---r-"
"29","60","9-0","وَ","pos","CONJ","CONJ","p--c--"
"29","60","9-1","هُوَ","pos","PRON","PRON","np----"
"29","60","10-0","ٱل","pos","DET","DET","r---d-"
"29","60","10-1","سَّمِيعُ","pos","NOUN","N","nj----"
"29","60","11-0","ٱلْ","pos","DET","DET","r---d-"
"29","60","11-1","عَلِيمُ","pos","NOUN","ADJ","nj----"
"29","60","13",".","pos","END","END","END"
"29","61","0-0","وَ","pos","CONJ","CONJ","p--c--"
"29","61","0-1","لَ","pos","NOUN","EMPH","p--q--"
"29","61","0-2","ئِن","pos","-","COND","p--k--"
"29","61","1-0","سَأَلْ","pos","V","V","v-p---"
"29","61","1-1","تَ","pos","PRON","PRON","r---r-"
"29","61","1-2","هُم","pos","PRON","PRON","r---r-"
"29","61","2-0","مَّنْ","pos","PREP","REL","nb----"
"29","61","3-0","خَلَقَ","pos","NOUN","V","v-p---"
"29","61","4-0","ٱل","pos","DET","DET","r---d-"
"29","61","4-1","سَّمَٰوَٰتِ","pos","NOUN","N","nq----"
"29","61","4-2",,"pos","NSUFF","œ","r---l-"
"29","61","5-0","وَ","pos","CONJ","CONJ","p--c--"
"29","61","5-1","ٱلْ","pos","DET","DET","r---d-"
"29","61","5-2","أَرْضَ","pos","NOUN","N","nn----"
"29","61","6-0","وَ","pos","CONJ","CONJ","p--c--"
"29","61","6-1","سَخَّرَ","pos","V","V","v-p---"
"29","61","7-0","ٱل","pos","DET","DET","r---d-"
"29","61","7-1","شَّمْسَ","pos","NOUN","N","nn----"
"29","61","8-0","وَ","pos","CONJ","CONJ","p--c--"
"29","61","8-1","ٱلْ","pos","DET","DET","r---d-"
"29","61","8-2","قَمَرَ","pos","NOUN","N","nn----"
"29","61","9-0","لَ","pos","PREP","EMPH","r---q-"
"29","61","9-1","يَقُولُ","pos","NOUN","V","r---a-"
"29","61","9-2","نَّ","pos","-","EMPH","v-c---"
"29","61","9-3",,"pos","-","œ","r---z-"
"29","61","10-0","ٱللَّهُ","pos","NOUN","PN","nn----"
"29","61","11-0","فَ","pos","CONJ","REM","p--c--"
"29","61","11-1","أَنَّىٰ","pos","NOUN","INTG","n-b---"
"29","61","12-0","يُؤْفَكُ","pos","NOUN","V","r---a-"
"29","61","12-1","ونَ","pos","-","PRON","v-c---"
"29","61","12-2",,"pos","-","œ","r---r-"
"29","61","14",".","pos","END","END","END"
"29","62","0-0","ٱللَّهُ","pos","NOUN","PN","nn----"
"29","62","1-0","يَبْسُطُ","pos","V","V","r---a-"
"29","62","1-1",,"pos","-","œ","v-c---"
"29","62","2-0","ٱل","pos","DET","DET","r---d-"
"29","62","2-1","رِّزْقَ","pos","NOUN","N","ng----"
"29","62","3-0","لِ","pos","PREP","P","p--p--"
"29","62","3-1","مَن","pos","PART","REL","nr----"
"29","62","4-0","يَشَآءُ","pos","V","V","r---a-"
"29","62","4-1",,"pos","-","œ","v-c---"
"29","62","5-0","مِنْ","pos","PREP","P","p--p--"
"29","62","6-0","عِبَادِ","pos","NOUN","N","nq----"
"29","62","6-1","هِۦ","pos","PRON","PRON","r---r-"
"29","62","7-0","وَ","pos","CONJ","CONJ","p--c--"
"29","62","7-1","يَقْدِرُ","pos","V","V","r---a-"
"29","62","7-2",,"pos","-","œ","v-c---"
"29","62","8-0","لَ","pos","PREP","P","p--p--"
"29","62","8-1","هُۥٓ","pos","PRON","PRON","np----"
"29","62","9-0","إِنَّ","pos","PART","ACC","p--a--"
"29","62","10-0","ٱللَّهَ","pos","NOUN","PN","nn----"
"29","62","11-0","بِ","pos","PREP","P","p--p--"
"29","62","11-1","كُلِّ","pos","NOUN","N","nq----"
"29","62","12-0","شَىْءٍ","pos","NOUN","N","nq----"
"29","62","13-0","عَلِيمٌ","pos","NOUN","ADJ","nj----"
"29","62","15",".","pos","END","END","END"
"29","63","0-0","وَ","pos","CONJ","CONJ","p--c--"
"29","63","0-1","لَ","pos","NOUN","EMPH","p--z--"
"29","63","0-2","ئِن","pos","-","COND","p--k--"
"29","63","1-0","سَأَلْ","pos","V","V","v-p---"
"29","63","1-1","تَ","pos","PRON","PRON","r---r-"
"29","63","1-2","هُم","pos","PRON","PRON","r---r-"
"29","63","2-0","مَّن","pos","PREP","REL","nr----"
"29","63","3-0","نَّزَّلَ","pos","NOUN","V","v-p---"
"29","63","4-0","مِنَ","pos","PREP","P","p--p--"
"29","63","5-0","ٱل","pos","DET","DET","r---d-"
"29","63","5-1","سَّمَآءِ","pos","NOUN","N","nq----"
"29","63","6-0","مَآءً","pos","NOUN","N","nq----"
"29","63","7-0","فَ","pos","PART","CONJ","p--c--"
"29","63","7-1","أَحْيَا","pos","V","V","v-p---"
"29","63","8-0","بِ","pos","PREP","P","p--p--"
"29","63","8-1","هِ","pos","PRON","PRON","np----"
"29","63","9-0","ٱلْ","pos","DET","DET","r---d-"
"29","63","9-1","أَرْضَ","pos","NOUN","N","nn----"
"29","63","10-0","مِنۢ","pos","PREP","P","p--p--"
"29","63","11-0","بَعْدِ","pos","NOUN","N","nv----"
"29","63","12-0","مَوْتِ","pos","NOUN","N","ng----"
"29","63","12-1","هَا","pos","PRON","PRON","r---r-"
"29","63","13-0","لَ","pos","PREP","EMPH","r---q-"
"29","63","13-1","يَقُولُ","pos","NOUN","V","r---a-"
"29","63","13-2","نَّ","pos","-","EMPH","v-c---"
"29","63","13-3",,"pos","-","œ","r---z-"
"29","63","14-0","ٱللَّهُ","pos","NOUN","PN","nn----"
"29","63","15-0","قُلِ","pos","V","V","v-i---"
"29","63","16-0","ٱلْ","pos","DET","DET","r---d-"
"29","63","16-1","حَمْدُ","pos","NOUN","N","ng----"
"29","63","17-0","لِ","pos","PREP","P","p--p--"
"29","63","17-1","لَّهِ","pos","NOUN","PN","nn----"
"29","63","18-0","بَلْ","pos","CONJ","RET","p--b--"
"29","63","19-0","أَكْثَرُ","pos","ADJ","N","n@----"
"29","63","19-1","هُمْ","pos","PRON","PRON","r---r-"
"29","63","20-0","لَا","pos","PART","NEG","p--n--"
"29","63","21-0","يَعْقِلُ","pos","V","V","r---a-"
"29","63","21-1","ونَ","pos","PRON","PRON","v-c---"
"29","63","21-2",,"pos","-","œ","r---r-"
"29","63","23",".","pos","END","END","END"
"29","64","0-0","وَ","pos","CONJ","CONJ","p--c--"
"29","64","0-1","مَا","pos","PART","NEG","p--n--"
"29","64","1-0","هَٰذِهِ","pos","PRON","DEM","nd----"
"29","64","2-0","ٱلْ","pos","DET","DET","r---d-"
"29","64","2-1","حَيَوٰةُ","pos","NOUN","N","nq----"
"29","64","2-2",,"pos","NSUFF","œ","r---t-"
"29","64","3-0","ٱل","pos","DET","DET","r---d-"
"29","64","3-1","دُّنْيَآ","pos","NOUN","ADJ","nj----"
"29","64","4-0","إِلَّا","pos","PART","RES","p--x--"
"29","64","5-0","لَهْوٌ","pos","PREP","N","ng----"
"29","64","5-1",,"pos","PRON","œ","ß"
"29","64","6-0","وَ","pos","CONJ","CONJ","p--c--"
"29","64","6-1","لَعِبٌ","pos","V","N","ng----"
"29","64","7-0","وَ","pos","CONJ","CONJ","p--c--"
"29","64","7-1","إِنَّ","pos","PART","ACC","p--a--"
"29","64","8-0","ٱل","pos","DET","DET","r---d-"
"29","64","8-1","دَّارَ","pos","NOUN","N","nl----"
"29","64","9-0","ٱلْ","pos","DET","DET","r---d-"
"29","64","9-1","ءَاخِرَةَ","pos","ADJ","N","nu----"
"29","64","9-2",,"pos","NSUFF","œ","r---t-"
"29","64","10-0","لَ","pos","NOUN","EMPH","p--z--"
"29","64","10-1","هِىَ","pos","-","PRON","np----"
"29","64","11-0","ٱلْ","pos","DET","DET","r---d-"
"29","64","11-1","حَيَوَانُ","pos","NOUN","N","ng----"
"29","64","12-0","لَوْ","pos","PART","COND","p--k--"
"29","64","13-0","كَانُ","pos","V","V","v-p---"
"29","64","13-1","وا۟","pos","PRON","PRON","r---r-"
"29","64","14-0","يَعْلَمُ","pos","V","V","r---a-"
"29","64","14-1","ونَ","pos","PRON","PRON","v-c---"
"29","64","14-2",,"pos","-","œ","r---r-"
"29","64","16",".","pos","END","END","END"
"29","65","0-0","فَ","pos","CONJ","CONJ","p--c--"
"29","65","0-1","إِذَا","pos","PART","T","nt----"
"29","65","1-0","رَكِبُ","pos","V","V","v-p---"
"29","65","1-1","وا۟","pos","PRON","PRON","r---r-"
"29","65","2-0","فِى","pos","PREP","P","p--p--"
"29","65","3-0","ٱلْ","pos","DET","DET","r---d-"
"29","65","3-1","فُلْكِ","pos","NOUN","N","nq----"
"29","65","4-0","دَعَ","pos","NOUN","V","v-p---"
"29","65","4-1","وُا۟","pos","-","PRON","r---r-"
"29","65","5-0","ٱللَّهَ","pos","NOUN","PN","nn----"
"29","65","6-0","مُخْلِصِينَ","pos","ADJ","N","nu----"
"29","65","6-1",,"pos","NSUFF","œ","r---m-"
"29","65","7-0","لَ","pos","PREP","P","p--p--"
"29","65","7-1","هُ","pos","PRON","PRON","np----"
"29","65","8-0","ٱل","pos","DET","DET","r---d-"
"29","65","8-1","دِّينَ","pos","NOUN","N","nq----"
"29","65","9-0","فَ","pos","CONJ","REM","p--c--"
"29","65","9-1","لَمَّا","pos","PART","T","nv----"
"29","65","10-0","نَجَّىٰ","pos","V","V","v-p---"
"29","65","10-1","هُمْ","pos","PRON","PRON","r---r-"
"29","65","11-0","إِلَى","pos","PREP","P","p--p--"
"29","65","12-0","ٱلْ","pos","DET","DET","r---d-"
"29","65","12-1","بَرِّ","pos","NOUN","N","nq----"
"29","65","13-0","إِذَا","pos","PART","SUR","p--b--"
"29","65","14-0","هُمْ","pos","PRON","PRON","np----"
"29","65","15-0","يُشْرِكُ","pos","V","V","r---a-"
"29","65","15-1","ونَ","pos","PRON","PRON","v-c---"
"29","65","15-2",,"pos","-","œ","r---r-"
"29","65","17",".","pos","END","END","END"
"29","66","0-0","لِ","pos","PREP","PRP","r---s-"
"29","66","0-1","يَكْفُرُ","pos","V","V","r---a-"
"29","66","0-2","وا۟","pos","PRON","PRON","v-c---"
"29","66","0-3",,"pos","-","œ","r---r-"
"29","66","1-0","بِ","pos","PREP","P","p--p--"
"29","66","1-1","مَآ","pos","PART","REL","nr----"
"29","66","2-0","ءَاتَيْ","pos","NOUN","V","v-p---"
"29","66","2-1","نَٰ","pos","-","PRON","r---r-"
"29","66","2-2","هُمْ","pos","-","PRON","r---r-"
"29","66","3-0","وَ","pos","CONJ","CONJ","p--c--"
"29","66","3-1","لِ","pos","NOUN","PRP","p--s--"
"29","66","3-2","يَتَمَتَّعُ","pos","-","V","r---a-"
"29","66","3-3","وا۟","pos","-","PRON","v-c---"
"29","66","3-4",,"pos","-","œ","r---r-"
"29","66","4-0","فَ","pos","CONJ","REM","p--c--"
"29","66","4-1","سَوْفَ","pos","FUT_PART","FUT","p--f--"
"29","66","5-0","يَعْلَمُ","pos","V","V","r---a-"
"29","66","5-1","ونَ","pos","PRON","PRON","v-c---"
"29","66","5-2",,"pos","-","œ","r---r-"
"29","66","7",".","pos","END","END","END"
"29","67","0-0","أَ","pos","NOUN","INTG","p--i--"
"29","67","0-1","وَ","pos","-","SUP","p--c--"
"29","67","0-2","لَمْ","pos","-","NEG","p--n--"
"29","67","1-0","يَرَ","pos","V","V","v-c---"
"29","67","1-1","وْا۟","pos","PRON","PRON","r---r-"
"29","67","2-0","أَنَّ","pos","PRON","ACC","p--a--"
"29","67","2-1","ا","pos","-","PRON","r---r-"
"29","67","3-0","جَعَلْ","pos","NOUN","V","v-p---"
"29","67","3-1","نَا","pos","PRON","PRON","r---r-"
"29","67","4-0","حَرَمًا","pos","NOUN","N","nl----"
"29","67","4-1",,"pos","CASE","œ","r---k-"
"29","67","5-0","ءَامِنًا","pos","ADJ","N","nu----"
"29","67","5-1",,"pos","CASE","œ","r---k-"
"29","67","6-0","وَ","pos","CONJ","CIRC","p--c--"
"29","67","6-1","يُتَخَطَّفُ","pos","V","V","r---a-"
"29","67","6-2",,"pos","-","œ","v-c---"
"29","67","7-0","ٱل","pos","DET","DET","r---d-"
"29","67","7-1","نَّاسُ","pos","NOUN","N","n$----"
"29","67","8-0","مِنْ","pos","PREP","P","p--p--"
"29","67","9-0","حَوْلِ","pos","NOUN","N","nv----"
"29","67","9-1","هِمْ","pos","PRON","PRON","r---r-"
"29","67","10-0","أَ","pos","NOUN","INTG","p--i--"
"29","67","10-1","فَ","pos","-","SUP","p--c--"
"29","67","10-2","بِ","pos","-","P","p--p--"
"29","67","10-3","ٱلْ","pos","-","DET","r---d-"
"29","67","10-4","بَٰطِلِ","pos","-","N","nu----"
"29","67","11-0","يُؤْمِنُ","pos","V","V","r---a-"
"29","67","11-1","ونَ","pos","PRON","PRON","v-c---"
"29","67","11-2",,"pos","-","œ","r---r-"
"29","67","12-0","وَ","pos","CONJ","CONJ","p--c--"
"29","67","12-1","بِ","pos","PREP","P","p--p--"
"29","67","12-2","نِعْمَةِ","pos","NOUN","N","ns----"
"29","67","12-3",,"pos","NSUFF","œ","r---t-"
"29","67","13-0","ٱللَّهِ","pos","NOUN","PN","nn----"
"29","67","14-0","يَكْفُرُ","pos","V","V","r---a-"
"29","67","14-1","ونَ","pos","PRON","PRON","v-c---"
"29","67","14-2",,"pos","-","œ","r---r-"
"29","67","16",".","pos","END","END","END"
"29","68","0-0","وَ","pos","CONJ","CONJ","p--c--"
"29","68","0-1","مَنْ","pos","PART","REL","nr----"
"29","68","1-0","أَظْلَمُ","pos","ADJ","N","n@----"
"29","68","2-0","مِ","pos","NOUN","P","p--p--"
"29","68","2-1","مَّنِ","pos","-","REL","nr----"
"29","68","3-0","ٱفْتَرَىٰ","pos","V","V","v-p---"
"29","68","4-0","عَلَى","pos","PREP","P","p--p--"
"29","68","5-0","ٱللَّهِ","pos","NOUN","PN","nn----"
"29","68","6-0","كَذِبًا","pos","NOUN","N","ng----"
"29","68","6-1",,"pos","CASE","œ","r---k-"
"29","68","7-0","أَوْ","pos","CONJ","CONJ","p--c--"
"29","68","8-0","كَذَّبَ","pos","NOUN","V","v-p---"
"29","68","9-0","بِ","pos","PREP","P","p--p--"
"29","68","9-1","ٱلْ","pos","DET","DET","r---d-"
"29","68","9-2","حَقِّ","pos","NOUN","N","ng----"
"29","68","10-0","لَمَّا","pos","PREP","T","nv----"
"29","68","10-1",,"pos","PART","œ","ß"
"29","68","11-0","جَآءَ","pos","V","V","v-p---"
"29","68","11-1","هُۥٓ","pos","PRON","PRON","r---r-"
"29","68","12-0","أَ","pos","NOUN","INTG","p--i--"
"29","68","12-1","لَيْسَ","pos","-","V","v-p---"
"29","68","13-0","فِى","pos","PREP","P","p--p--"
"29","68","14-0","جَهَنَّمَ","pos","NOUN","PN","nn----"
"29","68","15-0","مَثْوًى","pos","NOUN","N","nl----"
"29","68","16-0","لِّ","pos","PREP","P","p--p--"
"29","68","16-1","لْ","pos","DET","DET","r---d-"
"29","68","16-2","كَٰفِرِينَ","pos","NOUN","N","nu----"
"29","68","16-3",,"pos","NSUFF","œ","r---m-"
"29","68","18",".","pos","END","END","END"
"29","69","0-0","وَ","pos","CONJ","CONJ","p--c--"
"29","69","0-1","ٱلَّذِينَ","pos","PART","REL","nr----"
"29","69","1-0","جَٰهَدُ","pos","ADJ","V","v-p---"
"29","69","1-1","وا۟","pos","PRON","PRON","r---r-"
"29","69","2-0","فِي","pos","PREP","P","p--p--"
"29","69","2-1","نَا","pos","PRON","PRON","r---r-"
"29","69","3-0","لَ","pos","NOUN","EMPH","p--z--"
"29","69","3-1","نَهْدِيَ","pos","-","V","r---a-"
"29","69","3-2","نَّ","pos","-","EMPH","v-c---"
"29","69","3-3","هُمْ","pos","-","PRON","r---z-"
"29","69","3-4",,"pos","-","œ","r---r-"
"29","69","4-0","سُبُلَ","pos","NOUN","N","nl----"
"29","69","4-1","نَا","pos","PRON","PRON","r---r-"
"29","69","5-0","وَ","pos","CONJ","CONJ","p--c--"
"29","69","5-1","إِنَّ","pos","PART","ACC","p--a--"
"29","69","6-0","ٱللَّهَ","pos","NOUN","PN","nn----"
"29","69","7-0","لَ","pos","V","EMPH","p--z--"
"29","69","7-1","مَعَ","pos","-","LOC","nv----"
"29","69","8-0","ٱلْ","pos","DET","DET","r---d-"
"29","69","8-1","مُحْسِنِينَ","pos","NOUN","N","nu----"
"29","69","8-2",,"pos","NSUFF","œ","r---m-"
"29","69","10",".","pos","END","END","END"
"29","7","0-0","وَ","pos","CONJ","CONJ","p--c--"
"29","7","0-1","ٱلَّذِينَ","pos","PART","REL","nr----"
"29","7","1-0","ءَامَنُ","pos","V","V","v-p---"
"29","7","1-1","وا۟","pos","PRON","PRON","r---r-"
"29","7","2-0","وَ","pos","CONJ","CONJ","p--c--"
"29","7","2-1","عَمِلُ","pos","V","V","v-p---"
"29","7","2-2","وا۟","pos","PRON","PRON","r---r-"
"29","7","3-0","ٱل","pos","DET","DET","r---d-"
"29","7","3-1","صَّٰلِحَٰتِ","pos","NOUN","N","nu----"
"29","7","3-2",,"pos","NSUFF","œ","r---l-"
"29","7","4-0","لَ","pos","NOUN","EMPH","p--z--"
"29","7","4-1","نُكَفِّرَ","pos","-","V","r---a-"
"29","7","4-2","نَّ","pos","-","EMPH","v-c---"
"29","7","4-3",,"pos","-","œ","r---z-"
"29","7","5-0","عَنْ","pos","PREP","P","p--p--"
"29","7","5-1","هُمْ","pos","PRON","PRON","r---r-"
"29","7","6-0","سَيِّـَٔاتِ","pos","NOUN","N","nq----"
"29","7","6-1","هِمْ","pos","NSUFF","PRON","r---l-"
"29","7","6-2",,"pos","PRON","œ","r---r-"
"29","7","7-0","وَ","pos","NOUN","CONJ","p--c--"
"29","7","7-1","لَ","pos","-","EMPH","p--z--"
"29","7","7-2","نَجْزِيَ","pos","-","V","r---a-"
"29","7","7-3","نَّ","pos","-","EMPH","v-c---"
"29","7","7-4","هُمْ","pos","-","PRON","r---z-"
"29","7","7-5",,"pos","-","œ","r---r-"
"29","7","8-0","أَحْسَنَ","pos","ADJ","N","v-c---"
"29","7","9-0","ٱلَّذِى","pos","PART","REL","nr----"
"29","7","10-0","كَانُ","pos","V","V","v-p---"
"29","7","10-1","وا۟","pos","PRON","PRON","r---r-"
"29","7","11-0","يَعْمَلُ","pos","V","V","r---a-"
"29","7","11-1","ونَ","pos","PRON","PRON","v-c---"
"29","7","11-2",,"pos","-","œ","r---r-"
"29","7","13",".","pos","END","END","END"
"29","8","0-0","وَ","pos","CONJ","CONJ","p--c--"
"29","8","0-1","وَصَّيْ","pos","NOUN","V","v-p---"
"29","8","0-2","نَا","pos","PRON","PRON","r---r-"
"29","8","1-0","ٱلْ","pos","DET","DET","r---d-"
"29","8","1-1","إِنسَٰنَ","pos","NOUN","N","nq----"
"29","8","2-0","بِ","pos","PREP","P","p--p--"
"29","8","2-1","وَٰلِدَيْ","pos","NOUN","N","nu----"
"29","8","2-2","هِ","pos","NSUFF","PRON","r---r-"
"29","8","2-3",,"pos","PRON","œ","r---r-"
"29","8","3-0","حُسْنًا","pos","NOUN","N","ng----"
"29","8","3-1",,"pos","CASE","œ","r---k-"
"29","8","4-0","وَ","pos","CONJ","CONJ","p--c--"
"29","8","4-1","إِن","pos","PART","COND","p--k--"
"29","8","5-0","جَٰهَدَ","pos","NOUN","V","v-p---"
"29","8","5-1","ا","pos","-","PRON","r---r-"
"29","8","5-2","كَ","pos","-","PRON","r---r-"
"29","8","6-0","لِ","pos","PREP","PRP","p--p--"
"29","8","6-1","تُشْرِكَ","pos","NOUN","V","r---a-"
"29","8","6-2",,"pos","-","œ","v-c---"
"29","8","7-0","بِ","pos","ABBREV","P","p--p--"
"29","8","7-1","ى","pos","-","PRON","np----"
"29","8","8-0","مَا","pos","PART","REL","nr----"
"29","8","9-0","لَيْسَ","pos","V","V","v-p---"
"29","8","10-0","لَ","pos","PREP","P","p--p--"
"29","8","10-1","كَ","pos","PREP","PRON","np----"
"29","8","10-2",,"pos","PREP","œ","ß"
"29","8","10-3",,"pos","PRON","œ","ß"
"29","8","11-0","بِ","pos","NOUN","P","p--p--"
"29","8","11-1","هِۦ","pos","-","PRON","np----"
"29","8","12-0","عِلْمٌ","pos","CONJ","N","ng----"
"29","8","12-1",,"pos","PART","œ","ß"
"29","8","13-0","فَ","pos","V","REM","p--c--"
"29","8","13-1","لَا","pos","PRON","NEG","p--n--"
"29","8","14-0","تُطِعْ","pos","PREP","V","r---a-"
"29","8","14-1","هُمَآ","pos","-","PRON","v-c---"
"29","8","14-2",,"pos","-","œ","r---r-"
"29","8","15-0","إِلَىَّ","pos","NOUN","P","p--p--"
"29","8","15-1",,"pos","PRON","PRON","r---r-"
"29","8","16-0","مَرْجِعُ","pos","NOUN","N","nt----"
"29","8","16-1","كُمْ","pos","-","PRON","r---r-"
"29","8","17-0","فَ","pos","PREP","CONJ","p--c--"
"29","8","17-1","أُنَبِّئُ","pos","PART","V","r---a-"
"29","8","17-2","كُم","pos","-","PRON","v-c---"
"29","8","17-3",,"pos","-","œ","r---r-"
"29","8","18-0","بِ","pos","NOUN","P","p--p--"
"29","8","18-1","مَا","pos","-","REL","nr----"
"29","8","19-0","كُن","pos","V","V","v-p---"
"29","8","19-1","تُمْ","pos","PRON","PRON","r---r-"
"29","8","20-0","تَعْمَلُ","pos","-","V","r---a-"
"29","8","20-1","ونَ","pos","-","PRON","v-c---"
"29","8","20-2",,"pos","-","œ","r---r-"
"29","8","22",".","pos","END","END","END"
"29","9","0-0","وَ","pos","CONJ","CONJ","p--c--"
"29","9","0-1","ٱلَّذِينَ","pos","PART","REL","nr----"
"29","9","1-0","ءَامَنُ","pos","V","V","v-p---"
"29","9","1-1","وا۟","pos","PRON","PRON","r---r-"
"29","9","2-0","وَ","pos","CONJ","CONJ","p--c--"
"29","9","2-1","عَمِلُ","pos","V","V","v-p---"
"29","9","2-2","وا۟","pos","PRON","PRON","r---r-"
"29","9","3-0","ٱل","pos","DET","DET","r---d-"
"29","9","3-1","صَّٰلِحَٰتِ","pos","NOUN","N","nu----"
"29","9","3-2",,"pos","NSUFF","œ","r---l-"
"29","9","4-0","لَ","pos","NOUN","EMPH","p--z--"
"29","9","4-1","نُدْخِلَ","pos","-","V","r---a-"
"29","9","4-2","نَّ","pos","-","EMPH","v-c---"
"29","9","4-3","هُمْ","pos","-","PRON","r---z-"
"29","9","4-4",,"pos","-","œ","r---r-"
"29","9","5-0","فِى","pos","PREP","P","p--p--"
"29","9","6-0","ٱل","pos","DET","DET","r---d-"
"29","9","6-1","صَّٰلِحِينَ","pos","NOUN","N","nu----"
"29","9","6-2",,"pos","NSUFF","œ","r---m-"
"29","9","8",".","pos","END","END","END"
